"sample_accession","sample_title","patient_id","tissue","sample_median","sample_iqr","sample_min","sample_max","mean_within_tissue_correlation","review_threshold","review_flag"
"GSM494556","Lung Cancer 2T","2","Tumor",6.02836,3.16556,3.0427,14.8903,0.91740062286698,0.895021030283992,FALSE
"GSM494557","Lung Cancer 3T","3","Tumor",6.02836,3.16556,3.0427,14.8903,0.932879060816365,0.895021030283992,FALSE
"GSM494558","Lung Cancer 6T","6","Tumor",6.02783,3.16556,3.0427,14.8903,0.91742157271012,0.895021030283992,FALSE
"GSM494559","Lung Cancer 17T","17","Tumor",6.02919,3.16556,3.0427,14.8903,0.92989254203637,0.895021030283992,FALSE
"GSM494560","Lung Cancer 32T","32","Tumor",6.02836,3.16556,3.0427,14.8903,0.94065486589376,0.895021030283992,FALSE
"GSM494561","Lung Cancer 33T","33","Tumor",6.02836,3.16556,3.0427,14.8903,0.930474159143578,0.895021030283992,FALSE
"GSM494562","Lung Cancer 37T","37","Tumor",6.02836,3.16556,3.0427,14.8903,0.924988620443804,0.895021030283992,FALSE
"GSM494563","Lung Cancer 40T","40","Tumor",6.02836,3.16556,3.0427,14.8903,0.907366604490751,0.895021030283992,FALSE
"GSM494564","Lung Cancer 43T","43","Tumor",6.02836,3.16556,3.0427,14.8903,0.934439945392944,0.895021030283992,FALSE
"GSM494565","Lung Cancer 79T","79","Tumor",6.02836,3.16556,3.0427,14.8903,0.937409062720984,0.895021030283992,FALSE
"GSM494566","Lung Cancer 91T","91","Tumor",6.02836,3.16556,3.0427,14.8903,0.942854938797899,0.895021030283992,FALSE
"GSM494567","Lung Cancer 92T","92","Tumor",6.02836,3.16556,3.0427,14.8903,0.942155404427254,0.895021030283992,FALSE
"GSM494568","Lung Cancer 94T","94","Tumor",6.02836,3.16556,3.0427,14.8903,0.93764859489363,0.895021030283992,FALSE
"GSM494569","Lung Cancer 97T","97","Tumor",6.02836,3.16556,3.0427,14.8903,0.932551390119521,0.895021030283992,FALSE
"GSM494570","Lung Cancer 102T","102","Tumor",6.02836,3.16556,3.0427,14.8903,0.931029534378636,0.895021030283992,FALSE
"GSM494571","Lung Cancer 103T","103","Tumor",6.02836,3.16556,3.0427,14.8903,0.881512168275235,0.895021030283992,TRUE
"GSM494572","Lung Cancer 106T","106","Tumor",6.02813,3.16556,3.0427,14.8903,0.886537216984602,0.895021030283992,TRUE
"GSM494573","Lung Cancer 109T","109","Tumor",6.02836,3.165645,3.0427,14.8903,0.919562098924973,0.895021030283992,FALSE
"GSM494574","Lung Cancer 114T","114","Tumor",6.02836,3.16548,3.0427,14.8903,0.91743292583864,0.895021030283992,FALSE
"GSM494575","Lung Cancer 115T","115","Tumor",6.02836,3.16556,3.0427,14.8903,0.929144194295225,0.895021030283992,FALSE
"GSM494576","Lung Cancer 116T","116","Tumor",6.02836,3.16556,3.0427,14.8903,0.930608059571055,0.895021030283992,FALSE
"GSM494577","Lung Cancer 117T","117","Tumor",6.02836,3.16556,3.0427,14.8903,0.938970909121278,0.895021030283992,FALSE
"GSM494578","Lung Cancer 118T","118","Tumor",6.02836,3.16556,3.0427,14.8903,0.942859731376856,0.895021030283992,FALSE
"GSM494579","Lung Cancer 119T","119","Tumor",6.02836,3.16556,3.0427,14.8903,0.94112209294116,0.895021030283992,FALSE
"GSM494580","Lung Cancer 120T","120","Tumor",6.02836,3.16556,3.0427,14.8903,0.944438597577543,0.895021030283992,FALSE
"GSM494581","Lung Cancer 121T","121","Tumor",6.02836,3.16556,3.0427,14.8903,0.94311728566385,0.895021030283992,FALSE
"GSM494582","Lung Cancer 122T","122","Tumor",6.02836,3.16556,3.0427,14.8903,0.894643758846693,0.895021030283992,TRUE
"GSM494583","Lung Cancer 123T","123","Tumor",6.02836,3.16552,3.0427,14.8903,0.940183711116693,0.895021030283992,FALSE
"GSM494584","Lung Cancer 124T","124","Tumor",6.02836,3.16556,3.0427,14.8903,0.946552143970654,0.895021030283992,FALSE
"GSM494585","Lung Cancer 125T","125","Tumor",6.02836,3.16556,3.0427,14.8903,0.935053231803333,0.895021030283992,FALSE
"GSM494586","Lung Cancer 126T","126","Tumor",6.02836,3.16556,3.0427,14.8903,0.914706728973557,0.895021030283992,FALSE
"GSM494587","Lung Cancer 127T","127","Tumor",6.02836,3.16556,3.0427,14.8903,0.941375487184145,0.895021030283992,FALSE
"GSM494588","Lung Cancer 129T","129","Tumor",6.02836,3.16556,3.0427,14.8903,0.935554757783524,0.895021030283992,FALSE
"GSM494589","Lung Cancer 130T","130","Tumor",6.02836,3.16556,3.0427,14.8903,0.926323027400892,0.895021030283992,FALSE
"GSM494590","Lung Cancer 131T","131","Tumor",6.02836,3.16556,3.0427,14.8903,0.907125727961189,0.895021030283992,FALSE
"GSM494591","Lung Cancer 132T","132","Tumor",6.02836,3.16556,3.0427,14.8903,0.899855974418994,0.895021030283992,FALSE
"GSM494592","Lung Cancer 133T","133","Tumor",6.02836,3.16556,3.0427,14.8903,0.935833484446743,0.895021030283992,FALSE
"GSM494593","Lung Cancer 134T","134","Tumor",6.02836,3.16556,3.0427,14.8903,0.941847993234295,0.895021030283992,FALSE
"GSM494594","Lung Cancer 135T","135","Tumor",6.02836,3.16556,3.0427,14.8903,0.902832272762383,0.895021030283992,FALSE
"GSM494595","Lung Cancer 136T","136","Tumor",6.02836,3.16556,3.0427,14.8903,0.933871208482392,0.895021030283992,FALSE
"GSM494596","Lung Cancer 137T","137","Tumor",6.02836,3.16505,3.0427,14.8903,0.840339638630773,0.895021030283992,TRUE
"GSM494597","Lung Cancer 139T","139","Tumor",6.02836,3.16556,3.0427,14.8903,0.923120130557332,0.895021030283992,FALSE
"GSM494598","Lung Cancer 142T","142","Tumor",6.02855,3.16556,3.0427,14.8903,0.926100481328089,0.895021030283992,FALSE
"GSM494599","Lung Cancer 143T","143","Tumor",6.02836,3.165375,3.0427,14.8903,0.937045965010263,0.895021030283992,FALSE
"GSM494600","Lung Cancer 144T","144","Tumor",6.02836,3.16556,3.0427,14.8903,0.927823566177997,0.895021030283992,FALSE
"GSM494601","Lung Cancer 145T","145","Tumor",6.02836,3.16556,3.0427,14.8903,0.936305904879617,0.895021030283992,FALSE
"GSM494602","Lung Cancer 146T","146","Tumor",6.02845,3.16556,3.0427,14.8903,0.932836890625559,0.895021030283992,FALSE
"GSM494603","Lung Cancer 148T","148","Tumor",6.02836,3.16556,3.0427,14.8903,0.943249166634795,0.895021030283992,FALSE
"GSM494604","Lung Cancer 149T","149","Tumor",6.02836,3.165375,3.0427,14.8903,0.933732782464588,0.895021030283992,FALSE
"GSM494605","Lung Cancer 152T","152","Tumor",6.02836,3.16556,3.0427,14.8903,0.933105601141609,0.895021030283992,FALSE
"GSM494606","Lung Cancer 154T","154","Tumor",6.02836,3.16556,3.0427,14.8903,0.940209833549123,0.895021030283992,FALSE
"GSM494607","Lung Cancer 156T","156","Tumor",6.02836,3.16556,3.0427,14.8903,0.923839679674257,0.895021030283992,FALSE
"GSM494608","Lung Cancer 157T","157","Tumor",6.02836,3.16556,3.0427,14.8903,0.936966950145629,0.895021030283992,FALSE
"GSM494609","Lung Cancer 158T","158","Tumor",6.02836,3.165525,3.0427,14.8903,0.946824474365209,0.895021030283992,FALSE
"GSM494610","Lung Cancer 159T","159","Tumor",6.02836,3.16556,3.0427,14.8903,0.932515451648495,0.895021030283992,FALSE
"GSM494611","Lung Cancer 165T","165","Tumor",6.02836,3.16556,3.0427,14.8903,0.927626167705039,0.895021030283992,FALSE
"GSM494612","Lung Cancer 167T","167","Tumor",6.02836,3.16556,3.0427,14.8903,0.917207818506665,0.895021030283992,FALSE
"GSM494613","Lung Cancer 177T","177","Tumor",6.02836,3.16556,3.0427,14.8903,0.926504984265291,0.895021030283992,FALSE
"GSM494614","Lung Cancer 179T","179","Tumor",6.02836,3.16556,3.0427,14.8903,0.931062116668236,0.895021030283992,FALSE
"GSM494615","Lung Cancer 189T","189","Tumor",6.02836,3.16556,3.0427,14.8903,0.933979544096535,0.895021030283992,FALSE
"GSM494616","Lung Normal 2N","2","Normal",6.02836,3.16536,3.0427,14.8903,0.957042716499403,0.931783751955244,FALSE
"GSM494617","Lung Normal 3N","3","Normal",6.02836,3.1656,3.0427,14.8903,0.963381318598036,0.931783751955244,FALSE
"GSM494618","Lung Normal 6N","6","Normal",6.02836,3.16556,3.0427,14.8903,0.952311889227191,0.931783751955244,FALSE
"GSM494619","Lung Normal 17N","17","Normal",6.02836,3.16556,3.0427,14.8903,0.943092651949912,0.931783751955244,FALSE
"GSM494620","Lung Normal 32N","32","Normal",6.02836,3.16573,3.0427,14.8903,0.957617131928409,0.931783751955244,FALSE
"GSM494621","Lung Normal 33N","33","Normal",6.02836,3.16573,3.0427,14.8903,0.954637210134684,0.931783751955244,FALSE
"GSM494622","Lung Normal 37N","37","Normal",6.02836,3.16544,3.0427,14.8903,0.954199800589555,0.931783751955244,FALSE
"GSM494623","Lung Normal 40N","40","Normal",6.02836,3.16536,3.0427,14.8903,0.943859545482991,0.931783751955244,FALSE
"GSM494624","Lung Normal 43N","43","Normal",6.02836,3.16556,3.0427,14.8903,0.95450210703885,0.931783751955244,FALSE
"GSM494625","Lung Normal 79N","79","Normal",6.02836,3.16556,3.0427,14.8903,0.941424150490937,0.931783751955244,FALSE
"GSM494626","Lung Normal 91N","91","Normal",6.02836,3.16556,3.0427,14.8903,0.957717239384256,0.931783751955244,FALSE
"GSM494627","Lung Normal 92N","92","Normal",6.02836,3.16556,3.0427,14.8903,0.958453570732894,0.931783751955244,FALSE
"GSM494628","Lung Normal 94N","94","Normal",6.02836,3.16556,3.0427,14.8903,0.956961872507458,0.931783751955244,FALSE
"GSM494629","Lung Normal 97N","97","Normal",6.02836,3.16556,3.0427,14.8903,0.949601211164922,0.931783751955244,FALSE
"GSM494630","Lung Normal 102N","102","Normal",6.02836,3.16556,3.0427,14.8903,0.953317862025968,0.931783751955244,FALSE
"GSM494631","Lung Normal 103N","103","Normal",6.02813,3.16556,3.0427,14.8903,0.949048810258431,0.931783751955244,FALSE
"GSM494632","Lung Normal 106N","106","Normal",6.02836,3.16556,3.0427,14.8903,0.965789399221955,0.931783751955244,FALSE
"GSM494633","Lung Normal 109N","109","Normal",6.02836,3.1637,3.0427,14.8903,0.952153257709668,0.931783751955244,FALSE
"GSM494634","Lung Normal 114N","114","Normal",6.02887,3.16556,3.0427,14.8903,0.951840100992904,0.931783751955244,FALSE
"GSM494635","Lung Normal 115N","115","Normal",6.02836,3.16556,3.0427,14.8903,0.964443692633671,0.931783751955244,FALSE
"GSM494636","Lung Normal 116N","116","Normal",6.02836,3.16556,3.0427,14.8903,0.966538816304501,0.931783751955244,FALSE
"GSM494637","Lung Normal 117N","117","Normal",6.02836,3.16556,3.0427,14.8903,0.958296651755406,0.931783751955244,FALSE
"GSM494638","Lung Normal 118N","118","Normal",6.02836,3.16556,3.0427,14.8903,0.96483486538168,0.931783751955244,FALSE
"GSM494639","Lung Normal 119N","119","Normal",6.02836,3.16556,3.0427,14.8903,0.969031620049833,0.931783751955244,FALSE
"GSM494640","Lung Normal 120N","120","Normal",6.02836,3.16556,3.0427,14.8903,0.95538644501026,0.931783751955244,FALSE
"GSM494641","Lung Normal 121N","121","Normal",6.02836,3.16556,3.0427,14.8903,0.962020477564373,0.931783751955244,FALSE
"GSM494642","Lung Normal 122N","122","Normal",6.02836,3.16556,3.0427,14.8903,0.95840664558656,0.931783751955244,FALSE
"GSM494643","Lung Normal 123N","123","Normal",6.02836,3.16556,3.0427,14.8903,0.96036751980825,0.931783751955244,FALSE
"GSM494644","Lung Normal 124N","124","Normal",6.02836,3.16556,3.0427,14.8903,0.963393527629953,0.931783751955244,FALSE
"GSM494645","Lung Normal 125N","125","Normal",6.02836,3.16556,3.0427,14.8903,0.9672019941375,0.931783751955244,FALSE
"GSM494646","Lung Normal 126N","126","Normal",6.02836,3.16556,3.0427,14.8903,0.967015415021892,0.931783751955244,FALSE
"GSM494647","Lung Normal 127N","127","Normal",6.02836,3.16608,3.0427,14.8903,0.961212462892879,0.931783751955244,FALSE
"GSM494648","Lung Normal 129N","129","Normal",6.02836,3.16556,3.0427,14.8903,0.953987911663381,0.931783751955244,FALSE
"GSM494649","Lung Normal 130N","130","Normal",6.02836,3.16556,3.0427,14.8903,0.948297890175611,0.931783751955244,FALSE
"GSM494650","Lung Normal 131N","131","Normal",6.02836,3.16564,3.0427,14.8903,0.943201425642476,0.931783751955244,FALSE
"GSM494651","Lung Normal 132N","132","Normal",6.02836,3.16556,3.0427,14.8903,0.948654714080931,0.931783751955244,FALSE
"GSM494652","Lung Normal 133N","133","Normal",6.02836,3.16556,3.0427,14.8903,0.957311082231724,0.931783751955244,FALSE
"GSM494653","Lung Normal 134N","134","Normal",6.02836,3.16556,3.0427,14.8903,0.960514256058757,0.931783751955244,FALSE
"GSM494654","Lung Normal 135N","135","Normal",6.02836,3.16556,3.0427,14.8903,0.872201115053547,0.931783751955244,TRUE
"GSM494655","Lung Normal 136N","136","Normal",6.02836,3.165645,3.0427,14.8903,0.964956590297801,0.931783751955244,FALSE
"GSM494656","Lung Normal 137N","137","Normal",6.02836,3.165325,3.0427,14.8903,0.924593180365364,0.931783751955244,TRUE
"GSM494657","Lung Normal 139N","139","Normal",6.02836,3.16556,3.0427,14.8903,0.870431313352862,0.931783751955244,TRUE
"GSM494658","Lung Normal 142N","142","Normal",6.02836,3.16556,3.0427,14.8903,0.952330598907989,0.931783751955244,FALSE
"GSM494659","Lung Normal 143N","143","Normal",6.02836,3.16556,3.0427,14.8903,0.955934386406609,0.931783751955244,FALSE
"GSM494660","Lung Normal 144N","144","Normal",6.02836,3.16556,3.0427,14.8903,0.941834239036345,0.931783751955244,FALSE
"GSM494661","Lung Normal 145N","145","Normal",6.02836,3.16556,3.0427,14.8903,0.947132309968139,0.931783751955244,FALSE
"GSM494662","Lung Normal 146N","146","Normal",6.02836,3.16556,3.0427,14.8903,0.960803915195839,0.931783751955244,FALSE
"GSM494663","Lung Normal 148N","148","Normal",6.02836,3.16556,3.0427,14.8903,0.955022674168938,0.931783751955244,FALSE
"GSM494664","Lung Normal 149N","149","Normal",6.02836,3.16556,3.0427,14.8903,0.96402449071589,0.931783751955244,FALSE
"GSM494665","Lung Normal 152N","152","Normal",6.02836,3.16556,3.0427,14.8903,0.960967434804028,0.931783751955244,FALSE
"GSM494666","Lung Normal 154N","154","Normal",6.02836,3.16556,3.0427,14.8903,0.964619830488033,0.931783751955244,FALSE
"GSM494667","Lung Normal 156N","156","Normal",6.02836,3.16556,3.0427,14.8903,0.958146695839048,0.931783751955244,FALSE
"GSM494668","Lung Normal 157N","157","Normal",6.02836,3.16556,3.0427,14.8903,0.958025381838137,0.931783751955244,FALSE
"GSM494669","Lung Normal 158N","158","Normal",6.02804,3.16548,3.0427,14.8903,0.961602226745445,0.931783751955244,FALSE
"GSM494670","Lung Normal 159N","159","Normal",6.02836,3.16556,3.0427,14.8903,0.942696677350558,0.931783751955244,FALSE
"GSM494671","Lung Normal 165N","165","Normal",6.02836,3.16556,3.0427,14.8903,0.953422180551195,0.931783751955244,FALSE
"GSM494672","Lung Normal 167N","167","Normal",6.02845,3.16556,3.0427,14.8903,0.952484969737757,0.931783751955244,FALSE
"GSM494673","Lung Normal 177N","177","Normal",6.02836,3.16556,3.0427,14.8903,0.958622200605473,0.931783751955244,FALSE
"GSM494674","Lung Normal 179N","179","Normal",6.02836,3.16556,3.0427,14.8903,0.960108993979224,0.931783751955244,FALSE
"GSM494675","Lung Normal 189N","189","Normal",6.02836,3.16556,3.0427,14.8903,0.909378084042833,0.931783751955244,TRUE
