mate,cycle,mean_phred,q30_percent
R1,1,32.6996,97.2400
R1,2,32.9646,97.3600
R1,3,32.9926,97.0200
R1,4,36.3828,98.8800
R1,5,36.2926,98.4600
R1,6,36.2506,98.3600
R1,7,36.1952,98.1000
R1,8,36.1800,97.5600
R1,9,37.9582,97.9800
R1,10,37.9060,97.8200
R1,11,37.8606,97.5800
R1,12,37.8400,97.5800
R1,13,37.8574,97.8600
R1,14,39.2928,97.5800
R1,15,39.2062,97.3600
R1,16,39.2402,97.5600
R1,17,39.1722,97.6400
R1,18,39.0594,97.3400
R1,19,39.1038,97.2600
R1,20,39.0474,97.2400
R1,21,38.9920,97.1000
R1,22,38.9050,96.9000
R1,23,38.8648,97.1000
R1,24,38.8128,96.9600
R1,25,38.7518,96.8200
R1,26,38.6556,96.6400
R1,27,38.4456,95.9000
R1,28,38.6352,96.7600
R1,29,38.6492,96.7000
R1,30,38.6930,96.9800
R1,31,38.5776,96.4000
R1,32,38.5232,96.3400
R1,33,38.4404,96.0600
R1,34,38.5256,96.6800
R1,35,38.4348,96.2200
R1,36,38.3228,96.3000
R1,37,38.3610,96.3200
R1,38,38.2810,96.2200
R1,39,38.1614,95.6000
R1,40,38.1766,95.6800
R1,41,37.9880,95.2800
R1,42,38.0424,95.3600
R1,43,37.9622,95.5600
R1,44,37.8900,95.5400
R1,45,37.8366,95.3600
R1,46,37.7344,95.3400
R1,47,37.6542,95.1200
R1,48,37.5990,95.0600
R1,49,37.4560,94.5800
R1,50,37.4432,94.3800
R1,51,36.9650,93.7800
R1,52,37.0506,94.2000
R1,53,37.1086,94.2600
R1,54,36.9622,93.8200
R1,55,36.8758,93.7400
R1,56,36.8036,93.4800
R1,57,36.6112,93.1200
R1,58,36.5020,92.7800
R1,59,36.3852,92.8200
R1,60,36.2040,92.4200
R1,61,36.1334,92.2800
R1,62,36.1096,92.7000
R1,63,35.9148,92.3600
R1,64,35.6038,91.7400
R1,65,35.5206,91.9200
R1,66,35.3522,91.9400
R1,67,35.1736,91.8400
R1,68,34.9682,91.8600
R1,69,34.8088,92.0200
R1,70,34.6274,91.3200
R1,71,34.5134,92.0800
R1,72,34.1574,91.3800
R1,73,33.9934,90.8200
R1,74,33.7792,90.7000
R1,75,33.5454,90.0600
R1,76,31.9982,81.9200
R1,77,32.7092,86.6800
R1,78,33.0810,88.6400
R1,79,33.1702,89.0600
R1,80,33.1370,89.2600
R1,81,32.8844,87.0800
R1,82,32.8638,87.6400
R1,83,33.0080,88.7200
R1,84,32.9580,88.5000
R1,85,32.9146,88.3000
R1,86,32.8874,88.3600
R1,87,32.7398,87.0600
R1,88,32.7344,87.5600
R1,89,32.7090,87.3200
R1,90,32.5784,86.7400
R1,91,32.5254,86.2200
R1,92,32.5436,86.3600
R1,93,32.3376,84.9000
R1,94,32.2886,84.8200
R1,95,32.3012,84.7000
R1,96,32.1804,84.0800
R1,97,32.1884,84.8000
R1,98,32.1420,84.0000
R1,99,32.1764,84.4600
R1,100,32.1520,83.9400
R1,101,29.3512,67.2400
R2,1,32.2062,93.8600
R2,2,32.4114,94.0800
R2,3,32.4024,93.7600
R2,4,35.7406,95.8600
R2,5,35.6868,95.5800
R2,6,35.5584,95.3200
R2,7,35.5224,95.1000
R2,8,35.5032,94.7800
R2,9,37.2396,94.9200
R2,10,37.2618,95.1200
R2,11,37.2272,95.1400
R2,12,37.1780,94.8200
R2,13,37.2680,95.4600
R2,14,38.7106,95.4800
R2,15,38.5822,94.8400
R2,16,38.5970,95.1600
R2,17,38.5930,95.2800
R2,18,38.3446,94.4000
R2,19,38.4388,94.7000
R2,20,38.4316,94.6200
R2,21,38.3282,94.3800
R2,22,38.2752,94.3200
R2,23,38.1986,94.5400
R2,24,38.1756,94.4200
R2,25,38.0864,94.0000
R2,26,38.0844,94.5000
R2,27,37.9706,94.2200
R2,28,38.0210,94.0200
R2,29,37.8996,93.9000
R2,30,37.9328,94.4200
R2,31,37.8656,94.1400
R2,32,37.8302,94.4200
R2,33,37.7192,93.6400
R2,34,37.8672,94.3200
R2,35,37.7854,94.0600
R2,36,37.6872,94.3400
R2,37,37.6874,93.9600
R2,38,37.5390,93.5200
R2,39,37.3580,92.9800
R2,40,37.3372,92.9000
R2,41,37.0832,92.5600
R2,42,37.2584,93.2400
R2,43,37.2960,93.3800
R2,44,37.2372,93.0800
R2,45,37.2516,93.5800
R2,46,37.2012,93.5600
R2,47,37.1340,93.2200
R2,48,37.0646,92.9400
R2,49,36.8998,92.5400
R2,50,36.9372,93.0600
R2,51,35.1188,89.4000
R2,52,35.8114,91.2400
R2,53,36.1554,91.7800
R2,54,36.3962,92.0000
R2,55,36.4034,92.0800
R2,56,36.4272,92.2200
R2,57,36.1872,92.0400
R2,58,36.3314,92.3400
R2,59,36.3542,92.5600
R2,60,36.1238,92.2600
R2,61,36.0884,92.3800
R2,62,35.9900,92.3600
R2,63,35.8056,92.2600
R2,64,35.6020,92.0200
R2,65,35.4202,91.3800
R2,66,35.1830,91.3600
R2,67,35.1030,91.5400
R2,68,34.7588,91.0600
R2,69,34.6050,90.6000
R2,70,34.4988,90.9800
R2,71,34.4048,91.7000
R2,72,34.1622,91.2200
R2,73,33.8988,90.8600
R2,74,33.6926,90.1800
R2,75,33.5010,90.1200
R2,76,32.9696,87.4400
R2,77,33.0708,88.8800
R2,78,33.1016,89.1400
R2,79,33.1246,89.2000
R2,80,33.0536,89.1400
R2,81,32.8252,87.0800
R2,82,32.7294,87.5600
R2,83,32.8284,88.7400
R2,84,32.7046,88.0400
R2,85,32.7020,88.2200
R2,86,32.6370,87.7000
R2,87,32.5834,87.2200
R2,88,32.5664,87.5000
R2,89,32.5544,87.5800
R2,90,32.4692,86.7200
R2,91,32.4012,86.4400
R2,92,32.3626,86.3200
R2,93,32.1674,85.1600
R2,94,32.1886,85.3600
R2,95,32.2824,85.1000
R2,96,32.1356,84.8400
R2,97,32.1186,85.3000
R2,98,32.1240,84.6600
R2,99,32.0722,84.3800
R2,100,31.9916,83.7200
R2,101,30.4138,74.3600
