"term_id","database","direction","background_size","input_size","term_size","overlap_count","expected_overlap","enrichment_ratio","p_value","overlapping_gene_keys","overlapping_gene_symbols","fdr_bh","term_name","namespace","experimental_input_size","experimental_term_size","experimental_overlap_count","experimental_enrichment_ratio","experimental_p_value","experimental_fdr_bh","experimental_supported","representative_rank","redundancy_threshold"
"GO:1903047","GO Biological Process","Higher in tumor",14764,371,451,47,11.3330398266053,4.14716622539908,8.04326246009651e-17,"ANLN;AURKA;BIRC5;BUB1;BUB1B;CCNA2;CCNB1;CCNB2;CCNE2;CDC20;CDC6;CDK1;CDKN3;CENPF;CENPK;CEP55;CHEK1;DLGAP5;ECT2;FOXM1;GINS1;IQGAP3;KIF11;KIF14;KIF15;KIF20A;KIF2C;KIF4A;KNL1;MAD2L1;MCM2;MCM4;MELK;NCAPG;NDC80;NEK2;NUF2;NUSAP1;PRC1;RCC1;STIL;TK1;TPX2;TTK;UBE2C;UHRF1;ZWINT","ANLN;AURKA;BIRC5;BUB1;BUB1B;CCNA2;CCNB1;CCNB2;CCNE2;CDC20;CDC6;CDK1;CDKN3;CENPF;CENPK;CEP55;CHEK1;DLGAP5;ECT2;FOXM1;GINS1;IQGAP3;KIF11;KIF14;KIF15;KIF20A;KIF2C;KIF4A;KNL1;MAD2L1;MCM2;MCM4;MELK;NCAPG;NDC80;NEK2;NUF2;NUSAP1;PRC1;RCC1;STIL;TK1;TPX2;TTK;UBE2C;UHRF1;ZWINT",9.83690998869803e-14,"mitotic cell cycle process","biological_process",278,280,29,3.61494090441932,1.64790585488169e-09,1.55609395725256e-07,TRUE,1,0.5
"GO:0007088","GO Biological Process","Higher in tumor",14764,371,115,21,2.88979951232728,7.26694011484824,8.79705852853257e-13,"AURKA;BIRC5;BUB1;BUB1B;CCNB1;CDC20;CENPF;CHEK1;DLGAP5;EGF;KNL1;MAD2L1;MKI67;NDC80;NEK2;NUF2;NUSAP1;RCC1;TTK;UBE2C;ZWINT","AURKA;BIRC5;BUB1;BUB1B;CCNB1;CDC20;CENPF;CHEK1;DLGAP5;EGF;KNL1;MAD2L1;MKI67;NDC80;NEK2;NUF2;NUSAP1;RCC1;TTK;UBE2C;ZWINT",5.37940129019767e-10,"regulation of mitotic nuclear division","biological_process",278,67,16,8.33501556963385,4.05585086874207e-11,2.68091742423851e-08,TRUE,2,0.5
"GO:0140014","GO Biological Process","Higher in tumor",14764,371,150,22,3.76930371173124,5.83662174303684,2.3990414389081e-11,"AURKA;BIRC5;CCNB1;CENPK;DLGAP5;KIF11;KIF14;KIF15;KIF2C;KIF4A;KNL1;NCAPG;NDC80;NUF2;NUSAP1;PRC1;RCC1;TPX2;TTK;UBE2C;UHRF1;ZWINT","AURKA;BIRC5;CCNB1;CENPK;DLGAP5;KIF11;KIF14;KIF15;KIF2C;KIF4A;KNL1;NCAPG;NDC80;NUF2;NUSAP1;PRC1;RCC1;TPX2;TTK;UBE2C;UHRF1;ZWINT",6.58377566534092e-09,"mitotic nuclear division","biological_process",278,112,14,4.36285971223022,3.5124625915679e-06,8.9297606654861e-05,TRUE,3,0.5
"GO:0030198","GO Biological Process","Higher in tumor",14764,371,208,24,5.22676781360065,4.59174787476674,4.93109677385974e-10,"ADAMTS12;COL10A1;COL11A1;COL1A1;COL1A2;COL3A1;COL5A1;COL5A2;COL8A2;COMP;FERMT1;GREM1;IBSP;MMP1;MMP10;MMP11;MMP12;MMP13;MMP7;MMP9;P3H4;PLOD2;SPINK5;SULF1","ADAMTS12;COL10A1;COL11A1;COL1A1;COL1A2;COL3A1;COL5A1;COL5A2;COL8A2;COMP;FERMT1;GREM1;IBSP;MMP1;MMP10;MMP11;MMP12;MMP13;MMP7;MMP9;P3H4;PLOD2;SPINK5;SULF1",5.5487764209368e-08,"extracellular matrix organization","biological_process",278,46,8,6.07006568658117,4.15865418596368e-05,0.000610860092649332,TRUE,4,0.5
"GO:0007094","GO Biological Process","Higher in tumor",14764,371,28,10,0.703603359523164,14.2125529457066,7.80327975833993e-10,"BIRC5;BUB1;BUB1B;CDC20;CENPF;MAD2L1;NDC80;NUF2;TTK;ZWINT","BIRC5;BUB1;BUB1B;CDC20;CENPF;MAD2L1;NDC80;NUF2;TTK;ZWINT",5.85275618708957e-08,"mitotic spindle assembly checkpoint signaling","biological_process",278,18,6,11.6342925659472,7.27881739419192e-06,0.000150353071798777,TRUE,5,0.5
"GO:0090068","GO Biological Process","Higher in tumor",14764,371,221,24,5.55344080195069,4.32164505860399,1.70557254044311e-09,"AURKA;BIRC5;BUB1;CCNB1;CCNE2;CDC20;CDC6;CDK1;DLGAP5;E2F8;ECT2;EGF;EGFR;EZH2;FEN1;KIF14;MAD2L1;NCAPG;NDC80;NUSAP1;RCC1;RRM2;STIL;UBE2C","AURKA;BIRC5;BUB1;CCNB1;CCNE2;CDC20;CDC6;CDK1;DLGAP5;E2F8;ECT2;EGF;EGFR;EZH2;FEN1;KIF14;MAD2L1;NCAPG;NDC80;NUSAP1;RCC1;RRM2;STIL;UBE2C",9.0691965954866e-08,"positive regulation of cell cycle process","biological_process",278,155,19,4.27841726618705,8.49548060953976e-08,3.50969542681611e-06,TRUE,6,0.5
"GO:1905330","GO Biological Process","Higher in tumor",14764,371,47,11,1.18104849634245,9.3137581005907,1.68431220364286e-08,"ADAMTS12;EGF;GREM1;HOXB7;LCN2;LGR4;MDK;SIX1;SIX4;SOX9;SULF1","ADAMTS12;EGF;GREM1;HOXB7;LCN2;LGR4;MDK;SIX1;SIX4;SOX9;SULF1",5.7219828473756e-07,"regulation of morphogenesis of an epithelium","biological_process",278,20,3,5.23543165467626,0.0184875294295817,0.0675152317842733,FALSE,7,0.5
"GO:0032963","GO Biological Process","Higher in tumor",14764,371,51,11,1.28156326198862,8.58326726917182,4.20873468547693e-08,"COL1A1;COL5A1;MMP1;MMP10;MMP11;MMP12;MMP13;MMP7;MMP9;P3H4;PLOD2","COL1A1;COL5A1;MMP1;MMP10;MMP11;MMP12;MMP13;MMP7;MMP9;P3H4;PLOD2",1.25543476105812e-06,"collagen metabolic process","biological_process",278,24,5,7.27143285371703,0.000505932153757628,0.0060803846115235,TRUE,8,0.5
"GO:0030199","GO Biological Process","Higher in tumor",14764,371,57,11,1.43233541045787,7.67976545136426,1.42446994689665e-07,"ADAMTS12;COL11A1;COL1A1;COL1A2;COL3A1;COL5A1;COL5A2;COMP;GREM1;P3H4;PLOD2","ADAMTS12;COL11A1;COL1A1;COL1A2;COL3A1;COL5A1;COL5A2;COMP;GREM1;P3H4;PLOD2",3.90496289232682e-06,"collagen fibril organization","biological_process",278,11,6,19.0379332897319,2.14662566363003e-07,7.88288646477471e-06,TRUE,9,0.5
"GO:1901987","GO Biological Process","Higher in tumor",14764,371,403,29,10.1268626388513,2.86367071759646,3.78896959024851e-07,"ANLN;AURKA;BIRC5;BRIP1;BUB1;BUB1B;CCNB1;CCNE2;CDC20;CDC6;CDK1;CDKN2A;CENPF;CHEK1;DLGAP5;EGFR;EZH2;KIF14;KNL1;MAD2L1;NDC80;NUF2;PDIK1L;RRM2;SOX2;STIL;TTK;UBE2C;ZWINT","ANLN;AURKA;BIRC5;BRIP1;BUB1;BUB1B;CCNB1;CCNE2;CDC20;CDC6;CDK1;CDKN2A;CENPF;CHEK1;DLGAP5;EGFR;EZH2;KIF14;KNL1;MAD2L1;NDC80;NUF2;PDIK1L;RRM2;SOX2;STIL;TTK;UBE2C;ZWINT",9.85938257207218e-06,"regulation of cell cycle phase transition","biological_process",278,242,22,3.17298888162197,1.59922045323257e-06,4.40451966494472e-05,TRUE,10,0.5
"GO:0044770","GO Biological Process","Higher in tumor",14764,371,128,15,3.21647250067732,4.66349393530997,7.60856976331563e-07,"AURKA;BIRC5;CCNA2;CCNB1;CCNB2;CCNE2;CDC20;CDK1;CDKN3;FOXM1;MELK;NDC80;NEK2;RCC1;UBE2C","AURKA;BIRC5;CCNA2;CCNB1;CCNB2;CCNE2;CDC20;CDK1;CDKN3;FOXM1;MELK;NDC80;NEK2;RCC1;UBE2C",1.89903690215e-05,"cell cycle phase transition","biological_process",278,71,8,3.93271861384132,0.000913696530993353,0.00974432789789803,TRUE,11,0.5
"GO:0001503","GO Biological Process","Higher in tumor",14764,371,166,17,4.1713627743159,4.07540674828695,9.67859155588484e-07,"ADAMTS12;CLEC5A;COL1A1;EGFR;FHL2;FIGNL1;IBSP;IGFBP3;ITGA11;LGR4;MMP13;RUNX2;SOX2;SOX9;SPP1;TNC;VCAN","ADAMTS12;CLEC5A;COL1A1;EGFR;FHL2;FIGNL1;IBSP;IGFBP3;ITGA11;LGR4;MMP13;RUNX2;SOX2;SOX9;SPP1;TNC;VCAN",2.36738349456943e-05,"ossification","biological_process",278,77,6,2.71970475567598,0.0227703550614613,0.0783916911230516,FALSE,12,0.5
"R-HSA-1442490","Reactome","Higher in tumor",10355,267,64,15,1.6502172863351,9.08971207865168,5.15070868532058e-11,"1277;1278;1281;1289;1290;1296;1300;1301;4312;4316;4318;4319;4320;4321;4322","COL10A1;COL11A1;COL1A1;COL1A2;COL3A1;COL5A1;COL5A2;COL8A2;MMP1;MMP10;MMP11;MMP12;MMP13;MMP7;MMP9",1.21354088675284e-08,"Collagen degradation","reactome_pathway",NA,NA,NA,NA,NA,NA,NA,1,0.5
"R-HSA-69620","Reactome","Higher in tumor",10355,267,274,29,7.06499275712216,4.10474589245195,8.42736726911693e-11,"1029;10403;1063;11004;11065;1111;11130;116028;2810;3017;332;4085;4171;4173;51512;57082;64105;699;701;79682;83540;83990;890;891;9133;9134;983;990;991","BIRC5;BRIP1;BUB1;BUB1B;CCNA2;CCNB1;CCNB2;CCNE2;CDC20;CDC6;CDK1;CDKN2A;CENPF;CENPK;CENPU;CHEK1;GTSE1;HIST1H2BD;KIF2C;KNL1;MAD2L1;MCM2;MCM4;NDC80;NUF2;RMI2;SFN;UBE2C;ZWINT",1.21354088675284e-08,"Cell Cycle Checkpoints","reactome_pathway",NA,NA,NA,NA,NA,NA,NA,2,0.5
"R-HSA-216083","Reactome","Higher in tumor",10355,267,83,13,2.14012554321584,6.07440999954876,1.75829576883429e-07,"1277;1278;1281;1289;1290;1296;1300;1311;22801;3371;3381;6696;999","CDH1;COL10A1;COL1A1;COL1A2;COL3A1;COL5A1;COL5A2;COL8A2;COMP;IBSP;ITGA11;SPP1;TNC",6.32986476780346e-06,"Integrin cell surface interactions","reactome_pathway",NA,NA,NA,NA,NA,NA,NA,3,0.5
"R-HSA-141424","Reactome","Higher in tumor",10355,267,92,13,2.37218734910671,5.48017423872334,6.03458061620649e-07,"10403;1063;11004;11130;332;4085;57082;64105;699;701;79682;83540;991","BIRC5;BUB1;BUB1B;CDC20;CENPF;CENPK;CENPU;KIF2C;KNL1;MAD2L1;NDC80;NUF2;ZWINT",1.44917526569382e-05,"Amplification of signal from the kinetochores","reactome_pathway",NA,NA,NA,NA,NA,NA,NA,4,0.5
"R-HSA-9981148","Reactome","Higher in tumor",10355,267,32,8,0.825108643167552,9.69569288389513,1.08158835374213e-06,"1277;1278;1281;1289;1290;1301;1950;6662","COL11A1;COL1A1;COL1A2;COL3A1;COL5A1;COL5A2;EGF;SOX9",2.07664963918489e-05,"Developmental Lineage of Pancreatic Endocrine Mid Progenitor Cells","reactome_pathway",NA,NA,NA,NA,NA,NA,NA,5,0.5
"R-HSA-174143","Reactome","Higher in tumor",10355,267,73,10,1.88227909222598,5.31270842953158,1.62954592978188e-05,"11065;4085;4751;6790;701;890;891;9232;983;991","AURKA;BUB1B;CCNA2;CCNB1;CDC20;CDK1;MAD2L1;NEK2;PTTG1;UBE2C",0.000187723691110873,"APC/C-mediated degradation of cell cycle proteins","reactome_pathway",NA,NA,NA,NA,NA,NA,NA,6,0.5
"R-HSA-75035","Reactome","Higher in tumor",10355,267,15,5,0.38676967648479,12.9275905118602,2.66720255530984e-05,"1111;2810;890;891;983","CCNA2;CCNB1;CDK1;CHEK1;SFN",0.000268223288437494,"Chk1/Chk2(Cds1) mediated inactivation of Cyclin B:Cdk1 complex","reactome_pathway",NA,NA,NA,NA,NA,NA,NA,7,0.5
"R-HSA-453279","Reactome","Higher in tumor",10355,267,138,13,3.55828102366007,3.65344949248222,5.54949347629263e-05,"1029;4171;4173;51053;6241;7083;7153;7298;890;891;9134;983;990","CCNA2;CCNB1;CCNE2;CDC6;CDK1;CDKN2A;GMNN;MCM2;MCM4;RRM2;TK1;TOP2A;TYMS",0.000515565845539444,"Mitotic G1 phase and G1/S transition","reactome_pathway",NA,NA,NA,NA,NA,NA,NA,8,0.5
"R-HSA-69481","Reactome","Higher in tumor",10355,267,143,13,3.687204249155,3.52570650323459,8.02774898530902e-05,"1111;116028;2810;3017;4171;4173;51512;83990;890;891;9133;983;990","BRIP1;CCNA2;CCNB1;CCNB2;CDC6;CDK1;CHEK1;GTSE1;HIST1H2BD;MCM2;MCM4;RMI2;SFN",0.000722497408677812,"G2/M Checkpoints","reactome_pathway",NA,NA,NA,NA,NA,NA,NA,9,0.5
"R-HSA-1592389","Reactome","Higher in tumor",10355,267,31,6,0.799323998068566,7.50634287785429,0.000118884075060769,"4312;4316;4318;4319;4320;4322","MMP1;MMP10;MMP11;MMP13;MMP7;MMP9",0.000978246103357186,"Activation of Matrix Metalloproteinases","reactome_pathway",NA,NA,NA,NA,NA,NA,NA,10,0.5
"R-HSA-2514853","Reactome","Higher in tumor",10355,267,11,4,0.283631096088846,14.1028260129384,0.000123630904504963,"64151;891;9133;983","CCNB1;CCNB2;CDK1;NCAPG",0.000989047236039705,"Condensation of Prometaphase Chromosomes","reactome_pathway",NA,NA,NA,NA,NA,NA,NA,11,0.5
"R-HSA-6811434","Reactome","Higher in tumor",10355,267,93,10,2.3979719942057,4.17019048769683,0.000134781742420691,"10112;11004;11014;11015;23423;24137;347733;3832;55083;56992","KDELR2;KDELR3;KIF11;KIF15;KIF20A;KIF26B;KIF2C;KIF4A;TMED3;TUBB2B",0.0010491119410043,"COPI-dependent Golgi-to-ER retrograde traffic","reactome_pathway",NA,NA,NA,NA,NA,NA,NA,12,0.5
"GO:0001944","GO Biological Process","Lower in tumor",14764,772,308,71,16.1051205635329,4.40853576475338,3.93012867345866e-27,"ACKR3;ACVRL1;ADAMTS9;ADM;ADTRP;AMOTL1;ANGPT1;APOLD1;AQP1;BMP2;BMPER;BMPR2;CALCRL;CAV1;CCBE1;CCL2;CD93;CDH5;CLEC14A;DLL1;EDN1;EGR1;EGR3;EPAS1;FGF2;FOXF1;FZD4;GATA2;GATA6;GJA5;GPC3;HEY1;HPGD;ID1;JAM3;KDR;LDLR;MEIS1;MMRN2;NDNF;NOTCH4;NR4A1;OSR1;PDE2A;PDPN;PECAM1;PROK2;PTPRB;QKI;RAMP2;RASIP1;RECK;ROBO2;ROBO4;RORA;RSPO3;S1PR1;SEMA3E;SEMA5A;SLC1A1;SLIT2;SOX17;SVEP1;TBX2;TBX5;TCF21;TEK;TGFBR2;TGFBR3;TIE1;TMEM204","ACKR3;ACVRL1;ADAMTS9;ADM;ADTRP;AMOTL1;ANGPT1;APOLD1;AQP1;BMP2;BMPER;BMPR2;CALCRL;CAV1;CCBE1;CCL2;CD93;CDH5;CLEC14A;DLL1;EDN1;EGR1;EGR3;EPAS1;FGF2;FOXF1;FZD4;GATA2;GATA6;GJA5;GPC3;HEY1;HPGD;ID1;JAM3;KDR;LDLR;MEIS1;MMRN2;NDNF;NOTCH4;NR4A1;OSR1;PDE2A;PDPN;PECAM1;PROK2;PTPRB;QKI;RAMP2;RASIP1;RECK;ROBO2;ROBO4;RORA;RSPO3;S1PR1;SEMA3E;SEMA5A;SLC1A1;SLIT2;SOX17;SVEP1;TBX2;TBX5;TCF21;TEK;TGFBR2;TGFBR3;TIE1;TMEM204",9.39693765823965e-24,"vasculature development","biological_process",534,131,34,4.71598479000486,1.09258786891614e-14,3.04832015427602e-12,TRUE,1,0.5
"GO:1901342","GO Biological Process","Lower in tumor",14764,772,272,58,14.2227038742888,4.07798689423956,1.50798087171596e-20,"ADAMTS1;ADAMTS9;ADGRB3;ADGRG6;ADM;AKT3;ALOX5;ANXA3;AQP1;BMPER;C5AR1;CCBE1;CD36;CDH5;CLDN5;CLIC3;COL4A3;CXCL12;DLL1;ECSCR;EMP2;ETS1;FBLN5;FGF2;FYN;GATA2;GATA6;HOXA5;HSPB6;HYAL1;IL1B;IL6;KDR;KLF2;KLF4;NPR1;PDE3B;PPARG;PPP1R16B;PRKCB;PTGIS;PTPRM;QKI;RAMP2;RECK;RGCC;RHOB;RHOJ;RRAS;SASH1;SEMA3E;SEMA5A;SEMA6A;TEK;TIE1;TNFAIP3;TSPAN12;TSPAN18","ADAMTS1;ADAMTS9;ADGRB3;ADGRG6;ADM;AKT3;ALOX5;ANXA3;AQP1;BMPER;C5AR1;CCBE1;CD36;CDH5;CLDN5;CLIC3;COL4A3;CXCL12;DLL1;ECSCR;EMP2;ETS1;FBLN5;FGF2;FYN;GATA2;GATA6;HOXA5;HSPB6;HYAL1;IL1B;IL6;KDR;KLF2;KLF4;NPR1;PDE3B;PPARG;PPP1R16B;PRKCB;PTGIS;PTPRM;QKI;RAMP2;RECK;RGCC;RHOB;RHOJ;RRAS;SASH1;SEMA3E;SEMA5A;SEMA6A;TEK;TIE1;TNFAIP3;TSPAN12;TSPAN18",7.21116452854573e-18,"regulation of vasculature development","biological_process",534,178,35,3.57283381727896,2.74911529690342e-11,2.55667722612018e-09,TRUE,2,0.5
"GO:0008015","GO Biological Process","Lower in tumor",14764,772,358,62,18.7195881874831,3.31203867195415,3.98072903448439e-17,"ACE;ACVRL1;ADM;ADRA1A;ADRB1;ADRB2;AGTR1;AGTR2;AKAP12;ANGPT1;ANK2;ATP1A2;BMP6;BMPR2;CAV1;CDH5;CLDN5;CPA3;CXCL12;DLL1;DOCK4;EDN1;EDNRB;FERMT2;GATA6;GJA5;ITGA1;KCNJ8;KCNK3;KCNMB4;KL;KLF2;MME;MYL9;NEDD4L;NOS1;NPR1;NPR3;OLR1;P2RY1;PDE1C;PDE2A;PECAM1;PPARG;PTGS2;RAMP2;RARRES2;RGS2;SCN4B;SCN7A;SCNN1G;SERPING1;SGCG;SH3GL2;SLC6A4;SLIT2;SPX;SVEP1;TEK;TJP2;TNNC1;TTN","ACE;ACVRL1;ADM;ADRA1A;ADRB1;ADRB2;AGTR1;AGTR2;AKAP12;ANGPT1;ANK2;ATP1A2;BMP6;BMPR2;CAV1;CDH5;CLDN5;CPA3;CXCL12;DLL1;DOCK4;EDN1;EDNRB;FERMT2;GATA6;GJA5;ITGA1;KCNJ8;KCNK3;KCNMB4;KL;KLF2;MME;MYL9;NEDD4L;NOS1;NPR1;NPR3;OLR1;P2RY1;PDE1C;PDE2A;PECAM1;PPARG;PTGS2;RAMP2;RARRES2;RGS2;SCN4B;SCN7A;SCNN1G;SERPING1;SGCG;SH3GL2;SLC6A4;SLIT2;SPX;SVEP1;TEK;TJP2;TNNC1;TTN",1.3597033030646e-14,"blood circulation","biological_process",534,134,31,4.20360277265359,4.63655917316684e-12,6.46800004656774e-10,TRUE,3,0.5
"GO:0040011","GO Biological Process","Lower in tumor",14764,772,283,50,14.7978867515578,3.37886083597283,2.20548814260673e-14,"ACKR3;ACKR4;AGTR1;ALOX5;ANGPT1;ANOS1;ANXA1;ATP1A2;C5AR1;CCL2;CCL21;CCL23;CCL4;CH25H;CX3CL1;CX3CR1;CXCL12;CXCL2;CXCL3;CXCL5;CXCR2;DOCK4;EDNRB;EGR3;FGF2;FGF7;FLRT3;FPR1;FPR2;HBEGF;IL6;ITGA1;NR4A1;PDE4B;PLA2G1B;PPBP;PROK2;S100A12;S100A4;S100A8;S100A9;S1PR1;SEMA3E;SEMA3G;SEMA5A;SEMA6A;SEMA6D;SFTPD;SLIT2;SLIT3","ACKR3;ACKR4;AGTR1;ALOX5;ANGPT1;ANOS1;ANXA1;ATP1A2;C5AR1;CCL2;CCL21;CCL23;CCL4;CH25H;CX3CL1;CX3CR1;CXCL12;CXCL2;CXCL3;CXCL5;CXCR2;DOCK4;EDNRB;EGR3;FGF2;FGF7;FLRT3;FPR1;FPR2;HBEGF;IL6;ITGA1;NR4A1;PDE4B;PLA2G1B;PPBP;PROK2;S100A12;S100A4;S100A8;S100A9;S1PR1;SEMA3E;SEMA3G;SEMA5A;SEMA6A;SEMA6D;SFTPD;SLIT2;SLIT3",4.7939292263388e-12,"locomotion","biological_process",534,123,21,3.10226546085686,3.07335557957219e-06,6.38737040105528e-05,TRUE,4,0.5
"GO:0030335","GO Biological Process","Lower in tumor",14764,772,496,70,25.9355188295855,2.69900133712185,2.03865377458533e-14,"ACKR3;ADAMTS1;AGER;AKAP12;AKT3;ANGPT1;ANXA1;ANXA3;ATOH8;BMP2;BMPR2;C5AR1;CAV1;CCL2;CCL21;CCL23;CCL4;CDH5;CX3CL1;CX3CR1;CXCL12;DAPK2;DOCK4;EDN1;ETS1;FAM107A;FBLN1;FERMT2;FGF2;FGF7;FGR;FPR2;FZD4;GATA2;GLIPR2;HBEGF;ICAM1;IL1B;IL6;JAM2;JAM3;KDR;LYVE1;MYADM;MYOC;NEDD9;NR4A3;PDPN;PECAM1;PLPP3;PODXL;PPM1F;PREX1;PRKCE;PTGS2;RAB11A;RARRES2;RHOB;RHOJ;RRAS;S1PR1;SASH1;SEMA3E;SEMA3G;SEMA5A;SEMA6A;SEMA6D;SYNPO2;TEK;TGFBR3","ACKR3;ADAMTS1;AGER;AKAP12;AKT3;ANGPT1;ANXA1;ANXA3;ATOH8;BMP2;BMPR2;C5AR1;CAV1;CCL2;CCL21;CCL23;CCL4;CDH5;CX3CL1;CX3CR1;CXCL12;DAPK2;DOCK4;EDN1;ETS1;FAM107A;FBLN1;FERMT2;FGF2;FGF7;FGR;FPR2;FZD4;GATA2;GLIPR2;HBEGF;ICAM1;IL1B;IL6;JAM2;JAM3;KDR;LYVE1;MYADM;MYOC;NEDD9;NR4A3;PDPN;PECAM1;PLPP3;PODXL;PPM1F;PREX1;PRKCE;PTGS2;RAB11A;RARRES2;RHOB;RHOJ;RRAS;S1PR1;SASH1;SEMA3E;SEMA3G;SEMA5A;SEMA6A;SEMA6D;SYNPO2;TEK;TGFBR3",4.7939292263388e-12,"positive regulation of cell migration","biological_process",534,344,53,2.79951114885463,5.15111895171002e-12,6.53255539785044e-10,TRUE,5,0.5
"GO:0070848","GO Biological Process","Lower in tumor",14764,772,419,61,21.9092386887022,2.78421358526964,2.65453536481845e-13,"ACVRL1;ANXA1;BDNF;BMP2;BMP5;BMP6;BMPER;BMPR2;CAT;CCL2;CDH5;CDKN2B;CFLAR;CLDN5;EDN1;EGR3;FERMT2;FEZ1;FGF2;FGF7;FGFR4;FLRT3;FOS;FYN;GATA6;GDF10;GRIA1;HPGD;HYAL1;ID1;KDR;KL;KLF4;LRRC32;MYC;NDNF;NFKBIZ;NOS1;NR4A1;NTRK2;P2RY1;PDE2A;PPARG;RAMP2;RAP1A;RDX;RGCC;SCGB1A1;SEMA6A;SH3GL2;SMAD6;SMAD9;SNCA;SOSTDC1;SOX5;TBX2;TGFBR2;TGFBR3;TLR4;TMEM100;ZFP36","ACVRL1;ANXA1;BDNF;BMP2;BMP5;BMP6;BMPER;BMPR2;CAT;CCL2;CDH5;CDKN2B;CFLAR;CLDN5;EDN1;EGR3;FERMT2;FEZ1;FGF2;FGF7;FGFR4;FLRT3;FOS;FYN;GATA6;GDF10;GRIA1;HPGD;HYAL1;ID1;KDR;KL;KLF4;LRRC32;MYC;NDNF;NFKBIZ;NOS1;NR4A1;NTRK2;P2RY1;PDE2A;PPARG;RAMP2;RAP1A;RDX;RGCC;SCGB1A1;SEMA6A;SH3GL2;SMAD6;SMAD9;SNCA;SOSTDC1;SOX5;TBX2;TGFBR2;TGFBR3;TLR4;TMEM100;ZFP36",4.53356718377208e-11,"response to growth factor","biological_process",534,216,35,2.9442797197947,6.51978120086453e-09,3.49811337507924e-07,TRUE,6,0.5
"GO:0050678","GO Biological Process","Lower in tumor",14764,772,248,44,12.9677594147927,3.39303025238175,7.17305474562176e-13,"ACVRL1;AGTR1;AKT3;ALOX5;AREG;ATOH8;BMP5;BMP6;C5AR1;CAV1;CAV2;CCL2;CDKN1C;CDKN2B;CFLAR;COL4A3;CXCL12;EDNRB;EGR3;FGF2;FGF7;GATA2;GATA6;JUND;KDR;KLF9;KRT4;MCC;MMRN2;MYC;NR4A1;NR4A3;OSR1;PPARG;PPP1R16B;PTPRM;RGCC;SEMA5A;TEK;TGFBR3;TIE1;TINCR;TNFAIP3;ZFP36","ACVRL1;AGTR1;AKT3;ALOX5;AREG;ATOH8;BMP5;BMP6;C5AR1;CAV1;CAV2;CCL2;CDKN1C;CDKN2B;CFLAR;COL4A3;CXCL12;EDNRB;EGR3;FGF2;FGF7;GATA2;GATA6;JUND;KDR;KLF9;KRT4;MCC;MMRN2;MYC;NR4A1;NR4A3;OSR1;PPARG;PPP1R16B;PTPRM;RGCC;SEMA5A;TEK;TGFBR3;TIE1;TINCR;TNFAIP3;ZFP36",1.07192336854885e-10,"regulation of epithelial cell proliferation","biological_process",534,169,27,2.90296522837577,4.82959624170441e-07,1.43346526748461e-05,TRUE,7,0.5
"GO:0032970","GO Biological Process","Lower in tumor",14764,772,338,52,17.673801137903,2.94220805101634,1.90930760921475e-12,"ADRB2;ANK2;ARAP2;ARAP3;ARHGAP6;ARHGEF10;ARHGEF15;ARHGEF26;ATP1A2;C9orf72;CAV1;CCL21;CFL2;CORO2B;CSF3;CX3CL1;CXCL12;DIXDC1;DLC1;EDN1;ESAM;FAM107A;FERMT2;GJA5;GMFG;GPM6B;KANK2;KANK3;LIMCH1;MYADM;MYOC;NEDD9;PDE4B;PDPN;PHLDB2;PLEKHH2;PPM1F;PREX1;PRKCE;PTGER4;RDX;RGCC;RND3;S100A10;S1PR1;SEMA5A;SHANK3;SLIT2;SYNPO2;TMOD1;TNNC1;WASF3","ADRB2;ANK2;ARAP2;ARAP3;ARHGAP6;ARHGEF10;ARHGEF15;ARHGEF26;ATP1A2;C9orf72;CAV1;CCL21;CFL2;CORO2B;CSF3;CX3CL1;CXCL12;DIXDC1;DLC1;EDN1;ESAM;FAM107A;FERMT2;GJA5;GMFG;GPM6B;KANK2;KANK3;LIMCH1;MYADM;MYOC;NEDD9;PDE4B;PDPN;PHLDB2;PLEKHH2;PPM1F;PREX1;PRKCE;PTGER4;RDX;RGCC;RND3;S100A10;S1PR1;SEMA5A;SHANK3;SLIT2;SYNPO2;TMOD1;TNNC1;WASF3",2.53619694090693e-10,"regulation of actin filament-based process","biological_process",534,172,28,2.95797404407282,1.9802919355777e-07,6.42443546542067e-06,TRUE,8,0.5
"GO:0072001","GO Biological Process","Lower in tumor",14764,772,208,39,10.8761853156326,3.58581606217617,2.49776979934246e-12,"ACE;AGTR1;AGTR2;ANGPT1;AQP1;ARL13B;BMP2;BMP6;BMPER;CAT;COL4A3;DLL1;EDN1;EGR1;FGF2;FOXF1;GPC3;HPGD;ID3;ITGA8;KANK2;KCNJ8;LRRK2;MME;MYC;NPNT;OSR1;PECAM1;PLCE1;PODXL;RBP4;ROBO2;SLIT2;SMAD6;SOX17;TCF21;TEK;WFS1;ZBTB16","ACE;AGTR1;AGTR2;ANGPT1;AQP1;ARL13B;BMP2;BMP6;BMPER;CAT;COL4A3;DLL1;EDN1;EGR1;FGF2;FOXF1;GPC3;HPGD;ID3;ITGA8;KANK2;KCNJ8;LRRK2;MME;MYC;NPNT;OSR1;PECAM1;PLCE1;PODXL;RBP4;ROBO2;SLIT2;SMAD6;SOX17;TCF21;TEK;WFS1;ZBTB16",3.14324610011991e-10,"renal system development","biological_process",534,65,14,3.91362719677326,8.91682634032262e-06,0.000148083008866072,TRUE,9,0.5
"GO:0007507","GO Biological Process","Lower in tumor",14764,772,363,54,18.9810349498781,2.84494497494969,2.76874784249799e-12,"ACVRL1;ADAMTS9;ADGRG6;ANK2;BMP2;BMP5;BMP6;BMPR2;CCM2L;CLDN5;DLC1;DLL1;DZIP1;EDN1;EMP2;FGF2;FLRT3;FOXF1;GATA6;GJA5;GPC3;HEG1;HEY1;KDR;MEIS1;MSX1;MYH11;NDRG4;NEBL;NPY1R;OSR1;PDE2A;PDLIM2;PDLIM3;RAMP2;RBP4;ROBO2;S1PR1;SGCG;SIK1;SLIT2;SLIT3;SMAD6;SORBS2;SOX17;TBX2;TBX3;TBX5;TEK;TGFBR2;TGFBR3;TIE1;TNNC1;TTN","ACVRL1;ADAMTS9;ADGRG6;ANK2;BMP2;BMP5;BMP6;BMPR2;CCM2L;CLDN5;DLC1;DLL1;DZIP1;EDN1;EMP2;FGF2;FLRT3;FOXF1;GATA6;GJA5;GPC3;HEG1;HEY1;KDR;MEIS1;MSX1;MYH11;NDRG4;NEBL;NPY1R;OSR1;PDE2A;PDLIM2;PDLIM3;RAMP2;RBP4;ROBO2;S1PR1;SGCG;SIK1;SLIT2;SLIT3;SMAD6;SORBS2;SOX17;TBX2;TBX3;TBX5;TEK;TGFBR2;TGFBR3;TIE1;TNNC1;TTN",3.31003804570635e-10,"heart development","biological_process",534,100,18,3.27067415730337,7.24941624135407e-06,0.000123328483618158,TRUE,10,0.5
"GO:0003158","GO Biological Process","Lower in tumor",14764,772,83,24,4.34001625575725,5.52993320431987,2.99045862576252e-12,"ACVRL1;BMPR2;CDH5;DLL1;EDN1;GJA5;HEY1;ICAM1;KDR;MYADM;NOTCH4;PDE2A;PDPN;PECAM1;PPP1R16B;RAP1A;RDX;RHOB;ROBO4;S1PR1;SOX17;STARD13;TIE1;TJP2","ACVRL1;BMPR2;CDH5;DLL1;EDN1;GJA5;HEY1;ICAM1;KDR;MYADM;NOTCH4;PDE2A;PDPN;PECAM1;PPP1R16B;RAP1A;RDX;RHOB;ROBO4;S1PR1;SOX17;STARD13;TIE1;TJP2",3.40485074961818e-10,"endothelium development","biological_process",534,39,11,5.12498799577451,5.17989073874831e-06,9.63459677407185e-05,TRUE,11,0.5
"GO:0002040","GO Biological Process","Lower in tumor",14764,772,57,19,2.98049309130317,6.37478411053541,3.48674982387385e-11,"ACVRL1;ADTRP;ANGPT1;BMPER;CCBE1;CDH5;CLEC14A;DLL1;EGR3;FGF2;MMRN2;NR4A1;RAMP2;RECK;RSPO3;SEMA3E;SEMA5A;SLIT2;TEK","ACVRL1;ADTRP;ANGPT1;BMPER;CCBE1;CDH5;CLEC14A;DLL1;EGR3;FGF2;MMRN2;NR4A1;RAMP2;RECK;RSPO3;SEMA3E;SEMA5A;SLIT2;TEK",3.47367451203432e-09,"sprouting angiogenesis","biological_process",534,30,9,5.45112359550562,2.18689295686093e-05,0.000324544220725638,TRUE,12,0.5
"R-HSA-9734767","Reactome","Lower in tumor",10355,552,170,27,9.06228874939643,2.97937979539642,2.95617221099017e-07,"1440;1524;216;2247;2252;2627;28514;301;306;3553;3569;358;374;3909;3910;4311;4629;5319;6279;6280;6347;64321;6590;728;760;9429;948","ABCG2;ALDH1A1;ANXA1;ANXA3;AQP1;AREG;C5AR1;CA2;CCL2;CD36;CSF3;CX3CR1;DLL1;FGF2;FGF7;GATA6;IL1B;IL6;LAMA3;LAMA4;MME;MYH11;PLA2G1B;S100A8;S100A9;SLPI;SOX17",0.000146921758886211,"Developmental Cell Lineages","reactome_pathway",NA,NA,NA,NA,NA,NA,NA,1,0.5
"R-HSA-500792","Reactome","Lower in tumor",10355,552,433,48,23.0821825205215,2.07952605683302,9.68706326343976e-07,"10203;10266;10268;133;148;1524;153;154;1604;185;186;1901;1906;1910;2015;2357;2358;2532;2791;2920;2921;301;3579;4886;5028;51554;53829;54331;5473;57007;5734;59350;60675;6347;6351;6366;6368;6374;6376;6387;6751;728;7433;7482;8322;8843;976;9934","ACKR1;ACKR3;ACKR4;ADGRE1;ADGRE5;ADM;ADRA1A;ADRB1;ADRB2;AGTR1;AGTR2;ANXA1;C5AR1;CALCRL;CCL2;CCL21;CCL23;CCL4;CD55;CX3CL1;CX3CR1;CXCL12;CXCL2;CXCL3;CXCL5;CXCR2;EDN1;EDNRB;FPR1;FPR2;FZD4;GNG11;GNG2;HCAR3;NPY1R;P2RY1;P2RY13;P2RY14;PPBP;PROK2;PTGER4;RAMP2;RAMP3;RXFP1;S1PR1;SSTR1;VIPR1;WNT2B",0.000240723522096478,"GPCR ligand binding","reactome_pathway",NA,NA,NA,NA,NA,NA,NA,2,0.5
"R-HSA-9968734","Reactome","Lower in tumor",10355,552,24,9,1.27938194109126,7.03464673913043,2.071763128664e-06,"1440;1524;3553;3569;6279;6280;6347;728;948","C5AR1;CCL2;CD36;CSF3;CX3CR1;IL1B;IL6;S100A8;S100A9",0.000257416568736502,"Differentiation of Circulating Monocytes","reactome_pathway",NA,NA,NA,NA,NA,NA,NA,3,0.5
"R-HSA-9031628","Reactome","Lower in tumor",10355,552,39,11,2.0789956542733,5.29101635079896,3.82522659973197e-06,"1958;1960;23237;2353;2354;3397;3399;3400;3726;3727;6457","ARC;EGR1;EGR3;FOS;FOSB;ID1;ID3;ID4;JUNB;JUND;SH3GL3",0.000316856270011131,"NGF-stimulated transcription","reactome_pathway",NA,NA,NA,NA,NA,NA,NA,4,0.5
"R-HSA-380108","Reactome","Lower in tumor",10355,552,54,13,2.87860936745534,4.51606951154053,3.58543161317802e-06,"1524;2920;2921;3579;51554;5473;57007;6347;6351;6366;6374;6376;6387","ACKR3;ACKR4;CCL2;CCL21;CCL4;CX3CL1;CX3CR1;CXCL12;CXCL2;CXCL3;CXCL5;CXCR2;PPBP",0.000316856270011131,"Chemokine receptors bind chemokines","reactome_pathway",NA,NA,NA,NA,NA,NA,NA,5,0.5
"R-HSA-76002","Reactome","Lower in tumor",10355,552,254,32,13.5401255432158,2.36334588611206,4.81990082884773e-06,"10630;11069;1191;12;1675;2157;22915;2534;2791;388;408;5028;5175;54331;5473;5552;5579;5581;5583;5627;57406;5906;5919;6403;6414;7078;710;7225;7273;7450;948;9749","ABHD6;ARRB1;CD36;CFD;CLU;F8;FYN;GNG11;GNG2;MMRN1;P2RY1;PDPN;PECAM1;PHACTR2;PPBP;PRKCB;PRKCE;PRKCH;PROS1;RAP1A;RAPGEF4;RARRES2;RHOB;SELP;SEPP1;SERPINA3;SERPING1;SRGN;TIMP3;TRPC6;TTN;VWF",0.000342212958848189,"Platelet activation, signaling and aggregation","reactome_pathway",NA,NA,NA,NA,NA,NA,NA,6,0.5
"R-HSA-5083635","Reactome","Lower in tumor",10355,552,35,10,1.86576533075809,5.35973084886128,9.34204146785921e-06,"11095;157869;170689;221981;5199;54507;56999;57188;9037;9510","ADAMTS1;ADAMTS15;ADAMTS8;ADAMTS9;ADAMTSL3;ADAMTSL4;CFP;SBSPON;SEMA5A;THSD7A",0.000521890485601137,"Defective B3GALTL causes PpS","reactome_pathway",NA,NA,NA,NA,NA,NA,NA,7,0.5
"R-HSA-166658","Reactome","Lower in tumor",10355,552,53,12,2.82530178657653,4.2473338802297,1.67083782245559e-05,"1191;1361;1604;1675;2219;5199;5627;5648;710;728;730;8547","C5AR1;C7;CD55;CFD;CFP;CLU;CPB2;FCN1;FCN3;MASP1;PROS1;SERPING1",0.000754914907054935,"Complement cascade","reactome_pathway",NA,NA,NA,NA,NA,NA,NA,8,0.5
"R-HSA-6785807","Reactome","Lower in tumor",10355,552,106,17,5.65060357315307,3.0085281651627,4.12167867723581e-05,"1052;1901;2247;2353;240;301;3383;3553;3569;3726;4609;5743;6095;6347;6935;9021;948","ALOX5;ANXA1;CCL2;CD36;CEBPD;FGF2;FOS;ICAM1;IL1B;IL6;JUNB;MYC;PTGS2;RORA;S1PR1;SOCS3;ZEB1",0.00157574946352785,"Interleukin-4 and Interleukin-13 signaling","reactome_pathway",NA,NA,NA,NA,NA,NA,NA,9,0.5
"R-HSA-6783783","Reactome","Lower in tumor",10355,552,43,10,2.29222597778851,4.36257162116616,6.63157998543362e-05,"1440;2357;2920;3383;3553;3569;5743;6347;6351;7850","CCL2;CCL4;CSF3;CXCL2;FPR1;ICAM1;IL1B;IL1R2;IL6;PTGS2",0.00228097425467627,"Interleukin-10 signaling","reactome_pathway",NA,NA,NA,NA,NA,NA,NA,10,0.5
"R-HSA-373755","Reactome","Lower in tumor",10355,552,64,12,3.41168517624336,3.51732336956522,0.000120273645574396,"10398;1808;2534;3672;388;4628;4629;57556;6237;80031;9037;9723","DPYSL2;FYN;ITGA1;MYH10;MYH11;MYL9;RHOB;RRAS;SEMA3E;SEMA5A;SEMA6A;SEMA6D",0.00373600011565468,"Semaphorin interactions","reactome_pathway",NA,NA,NA,NA,NA,NA,NA,11,0.5
"R-HSA-5683826","Reactome","Lower in tumor",10355,552,23,7,1.22607436021246,5.70927851291746,0.000136527565651018,"1439;21;2627;29995;6439;6440;6441","ABCA3;CSF2RB;GATA6;LMCD1;SFTPB;SFTPC;SFTPD",0.00391589005494251,"Surfactant metabolism","reactome_pathway",NA,NA,NA,NA,NA,NA,NA,12,0.5
