variation_id,accession_version,record_status,variant_name,variant_type,canonical_spdi,protein_change,rs_ids,molecular_consequences,grch38_accession,grch38_position,grch38_ref,grch38_alt,aggregate_classification,review_status,date_last_evaluated,evaluation_age_years,stale_over_five_years,submission_count,submitter_count,pathogenic_tier_count,vus_count,benign_tier_count,other_classification_count,classification_category_count,polarized_pathogenic_benign,criteria_provided,priority_tier,trait_count,traits,pubmed_citation_count,pubmed_ids,maximum_reported_allele_frequency,clinvar_url,snapshot_date
7229,VCV000007229.102,current,NM_000492.4(CFTR):c.2991G>C (p.Leu997Phe),single nucleotide variant,NC_000007.14:117610520:G:C,L997F,rs1800111,missense variant,NC_000007.14,117610521,G,C,Conflicting classifications of pathogenicity,"criteria provided, conflicting classifications",2026-06-01,0.33,False,35,33,5,14,3,0,5,True,True,"Tier 1: polarized, multi-submitter",8,Bronchiectasis with or without elevated sweat chloride 1|CFTR-related disorder|Congenital bilateral aplasia of vas deferens from CFTR mutation|Cystic fibrosis|Hereditary pancreatitis|Infertility disorder|Obstructive azoospermia|Pancreatitis,101,10571949|10801389|10869121|10875853|11168024|11354633|12014388|12127423|1379210|15097853|15463907|15857421|17003641|17572159|17594397|17681820|18178635|18456578|18501000|20021716|20059485|20460946|20706124|20837875|21658649|21804385|23613805|23721890|23751316|23891399|23951356|23974870|25033378|25797027|25824995|25910067|26708955|26911355|27738188|28129809|29589582|32819855|33374015|33572515|33613790|33946859|34157366|34405919|34755701|34761808|34798985|34842364|34860163|34949556|34996830|35652053|35913788|35997436|36142302|36238659|36264955|36409994|36446526|36824420|36983403|37253358|37274939|37313453|37389024|37544776|37603299|37628659|37823318|37895316|37923102|38192426|38203285|38265526|38269366|38271453|38339178|38388235|38493004|38508949|38611676|38657903|38744964|38811287|38871151|38927485|38933898|39062716|39062917|39262237|39523185|39574132|39578984|40070865|8605891|9272157|9921909,0.00262,https://www.ncbi.nlm.nih.gov/clinvar/variation/7229/,2026-09-28
53460,VCV000053460.80,current,NM_000492.4(CFTR):c.2249C>T (p.Pro750Leu),single nucleotide variant,NC_000007.14:117592415:C:T,P750L,rs140455771,missense variant,NC_000007.14,117592416,C,T,Conflicting classifications of pathogenicity,"criteria provided, conflicting classifications",2026-03-13,0.54,False,34,31,26,4,0,0,3,False,True,"Tier 2: criteria-provided, multi-submitter",6,Bronchiectasis with or without elevated sweat chloride 1|CFTR-related disorder|Congenital bilateral aplasia of vas deferens from CFTR mutation|Cystic fibrosis|Cystic fibrosis diagnostic test|Hereditary pancreatitis,27,10798368|12007216|14998948|16189704|16963320|17272608|17481968|19014821|20846557|21416780|22483971|23076339|26199320|27728908|28801929|28830496|29216686|29805046|30698611|30888834|31672438|31674704|32404922|34996830|35109852|37818777|38388235,0.00063,https://www.ncbi.nlm.nih.gov/clinvar/variation/53460/,2026-09-28
35835,VCV000035835.90,current,NM_000492.4(CFTR):c.2002C>T (p.Arg668Cys),single nucleotide variant,NC_000007.14:117592168:C:T,R668C,rs1800100,missense variant,NC_000007.14,117592169,C,T,Conflicting classifications of pathogenicity,"criteria provided, conflicting classifications",2026-08-06,0.15,False,31,29,2,16,7,0,4,True,True,"Tier 1: polarized, multi-submitter",8,"Bronchiectasis with or without elevated sweat chloride 1|CFTR-related disorder|Chronic sinusitis|Congenital bilateral aplasia of vas deferens from CFTR mutation|Cystic fibrosis|Cystic fibrosis diagnostic test|Hereditary pancreatitis|Lung disease, non-specific",66,10445602|12719375|1379210|15858154|16049310|17035430|17329263|17662673|18951463|19812525|20167849|20538955|20977904|21520337|22427236|22678879|23891399|23951356|23974870|24586523|25033378|25060775|25797027|25824995|25910067|26500004|26574590|27264265|28194692|28603918|29504914|29589582|30845638|31213628|31350925|32357917|32773111|32819855|33097431|33260873|33374015|33572515|33613790|33946859|34145097|34525262|34888852|34974990|34996830|35418593|35585144|35626323|36409994|36983403|37628659|38203285|38388235|38493004|38825435|38871151|39151434|7475569|7529962|7739684|9272157|9921909,0.00849,https://www.ncbi.nlm.nih.gov/clinvar/variation/35835/,2026-09-28
219537,VCV000219537.98,current,NM_000492.4(CFTR):c.2900T>C (p.Leu967Ser),single nucleotide variant,NC_000007.14:117603773:T:C,L967S,rs1800110,missense variant,NC_000007.14,117603774,T,C,Conflicting classifications of pathogenicity,"criteria provided, conflicting classifications",2026-04-14,0.46,False,31,30,5,18,0,0,3,False,True,"Tier 2: criteria-provided, multi-submitter",7,Bronchiectasis with or without elevated sweat chloride 1|CFTR-related disorder|Chronic pancreatitis|Congenital bilateral aplasia of vas deferens from CFTR mutation|Cystic fibrosis|Hereditary pancreatitis|Infertility disorder,37,10970190|11025834|11938439|12167682|15858154|16134171|16193325|18195584|20837875|21184098|21499205|21520337|22271776|23951356|24451227|24586523|25033378|25346962|25824995|25963003|26898888|27214204|28544683|28603918|29589582|29805046|31088717|32784480|33768849|33946859|34426522|34782259|34996830|38388235|38871151|7525963|7691344,0.00137,https://www.ncbi.nlm.nih.gov/clinvar/variation/219537/,2026-09-28
7165,VCV000007165.98,current,NM_000492.4(CFTR):c.1727G>C (p.Gly576Ala),single nucleotide variant,NC_000007.14:117590399:G:C,G576A,rs1800098,missense variant,NC_000007.14,117590400,G,C,Conflicting classifications of pathogenicity,"criteria provided, conflicting classifications",2026-08-06,0.15,False,30,27,1,12,10,0,4,True,True,"Tier 1: polarized, multi-submitter",8,"Bronchiectasis with or without elevated sweat chloride 1|CFTR-related disorder|Chronic sinusitis|Congenital bilateral aplasia of vas deferens from CFTR mutation|Cystic fibrosis|Cystic fibrosis diagnostic test|Hereditary pancreatitis|Lung disease, non-specific",63,10653141|10653145|10875853|10922395|12127423|12719375|12940920|1379210|15151509|1545465|15705292|15987793|16128988|16189704|17329263|17331079|17413420|17489851|18456578|18716917|19812525|19910374|20021716|20460946|20706124|21520337|22678879|23951356|23974870|24586523|25489051|25797027|25824995|26014425|26990548|28194692|28603918|28801929|29589582|31005549|32784480|33020115|33260873|33341408|34426522|34996830|35418593|35527187|35626323|36102402|36409994|36552859|36828084|36834620|37147251|37628659|38203285|38388235|39062917|39262237|7543317|8644755|9272157,0.00519,https://www.ncbi.nlm.nih.gov/clinvar/variation/7165/,2026-09-28
35833,VCV000035833.87,current,NM_000492.4(CFTR):c.1865G>A (p.Gly622Asp),single nucleotide variant,NC_000007.14:117592031:G:A,G622D,rs121908759,missense variant,NC_000007.14,117592032,G,A,Conflicting classifications of pathogenicity,"criteria provided, conflicting classifications",2026-02-02,0.65,False,28,26,24,1,0,0,3,False,True,"Tier 2: criteria-provided, multi-submitter",5,Bronchiectasis with or without elevated sweat chloride 1|CFTR-related disorder|Congenital bilateral aplasia of vas deferens from CFTR mutation|Cystic fibrosis|Hereditary pancreatitis,23,15354332|16596947|17329263|18230692|19833837|19914431|20435887|20932301|22975760|23951356|24451227|25443471|25489051|29805046|30046002|30420730|30609409|31589614|32777524|35171259|36409994|38167091|9736778,0.00046,https://www.ncbi.nlm.nih.gov/clinvar/variation/35833/,2026-09-28
53229,VCV000053229.96,current,NM_000492.4(CFTR):c.1327G>T (p.Asp443Tyr),single nucleotide variant,NC_000007.14:117548757:G:T,D443Y,rs147422190,missense variant,NC_000007.14,117548758,G,T,Conflicting classifications of pathogenicity,"criteria provided, conflicting classifications",2026-08-06,0.15,False,28,26,22,4,0,0,3,False,True,"Tier 2: criteria-provided, multi-submitter",6,Bronchiectasis with or without elevated sweat chloride 1|CFTR-related disorder|Congenital bilateral aplasia of vas deferens from CFTR mutation|Cystic fibrosis|Cystic fibrosis diagnostic test|Hereditary pancreatitis,45,10200050|10601093|10875876|10922395|10923036|12070257|12732620|12940920|15126740|15520400|15536480|15698946|16126774|17329263|17413420|18687795|19710401|19812525|20021716|20059485|20186691|20837875|20977904|21184098|21520337|21658649|2267887|22678879|23420618|23951356|23974870|24418186|25133958|25826586|26946416|26990548|29805046|32172930|32512765|38203285|38388235|38515211|38825435|39262237|9150843,0.0006,https://www.ncbi.nlm.nih.gov/clinvar/variation/53229/,2026-09-28
53971,VCV000053971.68,current,NM_000492.4(CFTR):c.489+3A>G,single nucleotide variant,NC_000007.14:117531116:A:G,,rs377729736,intron variant,NC_000007.14,117531117,A,G,Conflicting classifications of pathogenicity,"criteria provided, conflicting classifications",2026-07-28,0.17,False,28,27,18,7,0,0,3,False,True,"Tier 2: criteria-provided, multi-submitter",6,Bronchiectasis with or without elevated sweat chloride 1|CFTR-related disorder|Congenital bilateral aplasia of vas deferens from CFTR mutation|Cystic fibrosis|Hereditary pancreatitis|Respiratory ciliopathies including non-CF bronchiectasis,27,10980579|11810271|12752573|17572159|17576681|17850636|18456578|19893581|20021716|20522854|20657600|20932301|22020151|22439019|25304080|25308578|25910067|26990548|27264265|28544683|28603918|31331863|33260873|34426522|34600583|38493004|9536098,0.00035,https://www.ncbi.nlm.nih.gov/clinvar/variation/53971/,2026-09-28
43576,VCV000043576.97,current,NM_000492.4(CFTR):c.1584G>A (p.Glu528=),single nucleotide variant,NC_000007.14:117559654:G:A,,rs1800095,synonymous variant,NC_000007.14,117559655,G,A,Conflicting classifications of pathogenicity,"criteria provided, conflicting classifications",2026-06-01,0.33,False,26,23,0,5,15,0,3,False,True,"Tier 2: criteria-provided, multi-submitter",21,"Adrenocortical carcinoma, hereditary|Bronchiectasis with or without elevated sweat chloride 1|CFTR-related disorder|Cervical cancer|Cholangiocarcinoma|Colon adenocarcinoma|Colorectal cancer|Congenital bilateral aplasia of vas deferens from CFTR mutation|Cystic fibrosis|Familial pancreatic carcinoma|Gastric cancer|Hereditary pancreatitis|Lung cancer|Lymphoma|Malignant tumor of esophagus|Nonpapillary renal cell carcinoma|Ovarian serous cystadenocarcinoma|Pancreatitis|Thymoma|Thyroid cancer, nonmedullary, 1|Uterine corpus endometrial carcinoma",34,10601093|10950058|12759680|15097853|15151509|18507830|19318346|19885835|20460946|21131649|21520337|2236053|22427236|22591852|24451227|24624459|25797027|26436105|29292091|29754320|29779145|30230364|31350925|31990467|33375403|33468668|33572515|34405919|36307006|36307252|38151412|38871151|39062716|9272157,0.02061,https://www.ncbi.nlm.nih.gov/clinvar/variation/43576/,2026-09-28
53580,VCV000053580.74,current,NM_000492.4(CFTR):c.2856G>C (p.Met952Ile),single nucleotide variant,NC_000007.14:117603729:G:C,M952I,rs151048781,missense variant,NC_000007.14,117603730,G,C,Conflicting classifications of pathogenicity,"criteria provided, conflicting classifications",2026-01-26,0.67,False,26,24,21,3,0,0,3,False,True,"Tier 2: criteria-provided, multi-submitter",5,Bronchiectasis with or without elevated sweat chloride 1|CFTR-related disorder|Congenital bilateral aplasia of vas deferens from CFTR mutation|Cystic fibrosis|Hereditary pancreatitis,41,10200050|10601093|10875853|11446424|15070876|15287992|15948195|16272798|16617247|16980811|17329263|17975025|18456578|19914443|20021716|20100616|20797923|21520337|23276700|25033378|26437683|27449771|28544683|29484681|31005549|32773111|33374015|33572515|34426522|34583889|35313924|35527187|35652053|35997436|36207272|36409994|36670555|37313453|38388235|9254864|9521595,8e-05,https://www.ncbi.nlm.nih.gov/clinvar/variation/53580/,2026-09-28
53684,VCV000053684.71,current,NM_000492.4(CFTR):c.3205G>A (p.Gly1069Arg),single nucleotide variant,NC_000007.14:117611645:G:A,G1069R,rs200321110,missense variant,NC_000007.14,117611646,G,A,Conflicting classifications of pathogenicity,"criteria provided, conflicting classifications",2026-06-09,0.3,False,26,24,14,8,0,0,3,False,True,"Tier 2: criteria-provided, multi-submitter",5,Bronchiectasis with or without elevated sweat chloride 1|CFTR-related disorder|Congenital bilateral aplasia of vas deferens from CFTR mutation|Cystic fibrosis|Hereditary pancreatitis,57,10923036|10980579|11430710|11729110|12007216|12658038|15758663|15772171|16049310|16126774|17003641|17329263|17539902|17718859|18305154|18687795|20460946|22210114|23055971|23951356|23974870|24058550|25033378|25087612|25287046|25869325|25910067|25963003|26493493|27264265|27469177|28502372|28544683|29589582|29727070|29997923|30232781|30420730|31245908|32150665|32777524|34782259|34814176|34996830|35171259|35697137|36567205|38388235|38493004|39296431|7512860|7529319|8528204|8662892|8702904|9099843|9239681,0.00054,https://www.ncbi.nlm.nih.gov/clinvar/variation/53684/,2026-09-28
53983,VCV000053983.96,current,NM_000492.4(CFTR):c.509G>A (p.Arg170His),single nucleotide variant,NC_000007.14:117534294:G:A,R170H,rs1800079,missense variant,NC_000007.14,117534295,G,A,Conflicting classifications of pathogenicity,"criteria provided, conflicting classifications",2026-05-18,0.36,False,26,24,3,15,3,0,4,True,True,"Tier 1: polarized, multi-submitter",6,Bronchiectasis with or without elevated sweat chloride 1|CFTR-related disorder|Chronic pancreatitis|Congenital bilateral aplasia of vas deferens from CFTR mutation|Cystic fibrosis|Hereditary pancreatitis,43,10746558|15536480|16189704|16193325|16244288|16251901|16617247|17329263|17448246|17662673|18685558|18716917|20021716|20059485|21388895|21520337|23276700|23420618|25033378|26708955|27171515|27214204|27728908|29589582|29805046|32143663|32387800|33341408|33577586|33922413|34583889|34798985|35527187|35652053|35753512|35913788|36264955|36409994|38324470|38388235|38508949|38927485|39233118,0.00062,https://www.ncbi.nlm.nih.gov/clinvar/variation/53983/,2026-09-28
35839,VCV000035839.91,current,NM_000492.4(CFTR):c.224G>A (p.Arg75Gln),single nucleotide variant,NC_000007.14:117509092:G:A,R75Q,rs1800076,missense variant,NC_000007.14,117509093,G,A,Conflicting classifications of pathogenicity,"criteria provided, conflicting classifications",2026-02-04,0.65,False,25,24,0,2,16,0,3,False,True,"Tier 2: criteria-provided, multi-submitter",5,"Abnormality of the pancreas|CFTR-related disorder|Cystic fibrosis|Hereditary pancreatitis|Lung disease, non-specific",66,10950058|14872121|15463907|16741161|16915933|1710599|18306312|20977904|21131649|22427236|22995991|23420618|23751316|23781395|23974870|24451227|24624459|25033378|25492507|25569187|25797027|25826586|26014425|26089335|26100556|26335950|26436105|26437683|26856995|27555793|28469871|28603918|29174009|29589582|30763667|30979466|31378749|31674704|32155011|32447501|33144682|33341408|33613790|34405919|34680554|34996830|35011616|35096544|35418593|36264955|36409994|36604502|36670555|36768629|36983403|37313453|37389024|37628659|37867141|38025192|38388235|38927485|39062716|7739684|9797105|9921909,0.02368,https://www.ncbi.nlm.nih.gov/clinvar/variation/35839/,2026-09-28
7237,VCV000007237.63,current,NM_000492.4(CFTR):c.4056G>C (p.Gln1352His),single nucleotide variant,NC_000007.14:117664779:G:C,Q1352H,rs113857788,missense variant,NC_000007.14,117664780,G,C,Conflicting classifications of pathogenicity,"criteria provided, conflicting classifications",2026-09-09,0.05,False,24,23,4,13,4,0,5,True,True,"Tier 1: polarized, multi-submitter",5,Bronchiectasis with or without elevated sweat chloride 1|CFTR-related disorder|Congenital bilateral aplasia of vas deferens from CFTR mutation|Cystic fibrosis|Hereditary pancreatitis,63,12952861|15121783|15463840|16187186|16435054|16596947|16678503|17003641|17329263|17539902|17719933|18304229|19812525|20021716|20233062|20558957|21520337|21779199|22483971|23514810|25492507|26089335|26199320|26334177|26708955|27578509|28603918|28608624|28687971|29216686|29520692|29997923|30811104|30992994|31136843|31180159|31682332|32025909|32352720|32734384|32777524|33374015|33502066|33663443|34557648|34673937|34931337|35119551|35313924|35753512|35913788|36207272|36335097|36409994|36437957|36604502|36983403|37313453|38388235|39107787|39402445|40122225|9272157,0.00419,https://www.ncbi.nlm.nih.gov/clinvar/variation/7237/,2026-09-28
35872,VCV000035872.87,current,NM_000492.4(CFTR):c.3705T>G (p.Ser1235Arg),single nucleotide variant,NC_000007.14:117627757:T:G,S1235R,rs34911792,missense variant,NC_000007.14,117627758,T,G,Conflicting classifications of pathogenicity,"criteria provided, conflicting classifications",2026-04-22,0.44,False,24,23,0,4,14,0,3,False,True,"Tier 2: criteria-provided, multi-submitter",6,CFTR-related disorder|Congenital bilateral aplasia of vas deferens from CFTR mutation|Cystic fibrosis|Cystic fibrosis diagnostic test|Hereditary pancreatitis|Obstructive azoospermia,23,10812063|11186891|11303517|12955726|17413420|17719933|19833837|20021716|20717170|21131649|21228398|21520337|23751316|23891399|23974870|25799511|27022295|28456595|28655774|28801929|29589582|29936070|7508414,0.0081,https://www.ncbi.nlm.nih.gov/clinvar/variation/35872/,2026-09-28
53159,VCV000053159.55,current,NM_000492.4(CFTR):c.1001G>A (p.Arg334Gln),single nucleotide variant,NC_000007.14:117540230:G:A,R334Q,rs397508137,missense variant,NC_000007.14,117540231,G,A,Conflicting classifications of pathogenicity,"criteria provided, conflicting classifications",2026-01-22,0.68,False,24,23,17,4,0,0,3,False,True,"Tier 2: criteria-provided, multi-submitter",5,Bronchiectasis with or without elevated sweat chloride 1|CFTR-related disorder|Congenital bilateral aplasia of vas deferens from CFTR mutation|Cystic fibrosis|Hereditary pancreatitis,35,11180668|11379874|11427889|11585852|12679372|15070876|15130785|15371902|15880796|16126774|17440499|17673962|19897426|20100616|20657600|21228398|22439019|22658665|23974870|25277268|25892339|26493493|27175795|28546993|29805046|30046002|30146269|30888834|31916691|33572515|34405919|34782259|37006619|38388235|9272157,0.00031,https://www.ncbi.nlm.nih.gov/clinvar/variation/53159/,2026-09-28
7126,VCV000007126.151,current,NM_000492.4(CFTR):c.1523T>G (p.Phe508Cys),single nucleotide variant,NC_000007.14:117559593:T:G,F508C,rs74571530,missense variant,NC_000007.14,117559594,T,G,Conflicting classifications of pathogenicity,"criteria provided, conflicting classifications",2026-01-27,0.67,False,23,22,4,6,10,0,5,True,True,"Tier 1: polarized, multi-submitter",7,Bronchiectasis with or without elevated sweat chloride 1|CFTR-related disorder|Congenital bilateral aplasia of vas deferens from CFTR mutation|Cystic fibrosis|Hereditary pancreatitis|Infertility disorder|Obstructive azoospermia,25,1284535|1384326|15619635|16484308|19092444|1977306|22020151|22658665|22975760|23716676|23846440|24418186|24451227|24631642|25287046|26538069|26900683|27171515|29805046|37628659|7508183|7682884|7686336|9108869|9272157,0.00096,https://www.ncbi.nlm.nih.gov/clinvar/variation/7126/,2026-09-28
7238,VCV000007238.76,current,NM_000492.4(CFTR):c.650A>G (p.Glu217Gly),single nucleotide variant,NC_000007.14:117535317:A:G,E217G,rs121909046,missense variant,NC_000007.14,117535318,A,G,Conflicting classifications of pathogenicity,"criteria provided, conflicting classifications",2026-04-22,0.44,False,23,23,0,11,7,0,3,False,True,"Tier 2: criteria-provided, multi-submitter",4,CFTR-related disorder|Cystic fibrosis|Cystic fibrosis diagnostic test|Nephronophthisis 14,53,10922396|11278813|11589722|11938439|12952861|15463840|16126774|16596947|17516627|17539902|18304229|20558957|20879059|21520337|22483971|22664493|23951356|24586523|25087612|25192979|26089335|26436105|27706244|29173301|29307731|29997923|30548586|30992994|31245908|31350925|31423445|31882543|31916691|32429104|32777524|33572515|34155362|34405919|34426522|34557648|34673937|34860163|35119551|35313924|35858753|35913788|36409994|36437957|38248793|38388235|38392563|38978874|39529847,0.00444,https://www.ncbi.nlm.nih.gov/clinvar/variation/7238/,2026-09-28
195464,VCV000195464.99,current,NM_000492.4(CFTR):c.3285A>T (p.Thr1095=),single nucleotide variant,NC_000007.14:117611725:A:T,,rs1800118,synonymous variant,NC_000007.14,117611726,A,T,Conflicting classifications of pathogenicity,"criteria provided, conflicting classifications",2026-05-01,0.41,False,23,22,0,1,16,0,3,False,True,"Tier 2: criteria-provided, multi-submitter",3,CFTR-related disorder|Cystic fibrosis|Hereditary pancreatitis,17,10601093|10746558|10980579|11354633|11788091|15536480|16128988|16251901|17890437|18687795|20021716|23378595|23503723|34086689|34888852|7515303|7525450,0.0057,https://www.ncbi.nlm.nih.gov/clinvar/variation/195464/,2026-09-28
93156,VCV000093156.88,current,NM_000492.4(CFTR):c.4272C>T (p.Tyr1424=),single nucleotide variant,NC_000007.14:117666936:C:T,,rs1800135,synonymous variant,NC_000007.14,117666937,C,T,Conflicting classifications of pathogenicity,"criteria provided, conflicting classifications",2026-04-01,0.49,False,22,21,0,1,15,0,3,False,True,"Tier 2: criteria-provided, multi-submitter",3,CFTR-related disorder|Cystic fibrosis|Hereditary pancreatitis,0,,0.00762,https://www.ncbi.nlm.nih.gov/clinvar/variation/93156/,2026-09-28
256253,VCV000256253.93,current,NM_000492.4(CFTR):c.3485G>T (p.Arg1162Leu),single nucleotide variant,NC_000007.14:117627537:G:T,R1162L,rs1800120,missense variant,NC_000007.14,117627538,G,T,Conflicting classifications of pathogenicity,"criteria provided, conflicting classifications",2026-05-01,0.41,False,22,22,4,11,5,0,5,True,True,"Tier 1: polarized, multi-submitter",6,Bronchiectasis with or without elevated sweat chloride 1|CFTR-related disorder|Congenital bilateral aplasia of vas deferens from CFTR mutation|Cystic fibrosis|Hereditary pancreatitis|Obstructive azoospermia,30,10571949|10923036|11788090|12167682|1379210|15097853|15536480|16134171|16481891|17035430|17489851|17594398|18687795|19202204|19812525|20849526|23951356|23974870|24419263|25033378|25824995|26014425|27022295|28603918|33020115|34405919|34949556|34996830|35626323|37628659,0.0008,https://www.ncbi.nlm.nih.gov/clinvar/variation/256253/,2026-09-28
35853,VCV000035853.85,current,NM_000492.4(CFTR):c.2898G>A (p.Thr966=),single nucleotide variant,NC_000007.14:117603771:G:A,,rs1800109,synonymous variant,NC_000007.14,117603772,G,A,Conflicting classifications of pathogenicity,"criteria provided, conflicting classifications",2026-02-04,0.65,False,21,20,0,1,15,0,3,False,True,"Tier 2: criteria-provided, multi-submitter",2,CFTR-related disorder|Cystic fibrosis,10,10794365|11354633|12544470|1282900|1284534|15084222|25797027|26436105|7525450|9788722,0.00946,https://www.ncbi.nlm.nih.gov/clinvar/variation/35853/,2026-09-28
35893,VCV000035893.57,current,NM_000492.4(CFTR):c.91C>T (p.Arg31Cys),single nucleotide variant,NC_000007.14:117504289:C:T,R31C,rs1800073,missense variant,NC_000007.14,117504290,C,T,Conflicting classifications of pathogenicity,"criteria provided, conflicting classifications",2026-05-01,0.41,False,21,21,0,9,10,0,3,False,True,"Tier 2: criteria-provided, multi-submitter",5,Bronchiectasis with or without elevated sweat chloride 1|CFTR-related disorder|Congenital bilateral aplasia of vas deferens from CFTR mutation|Cystic fibrosis|Hereditary pancreatitis,45,12120234|12452372|14526128|15987793|16339147|17098482|19202204|20021716|22010920|22678879|23514810|23974870|25033378|25383785|25492507|25824995|25869325|26990548|28544683|29997923|30992994|31350925|34266939|34793977|34949556|34996830|35072004|35418593|35927127|36409994|36599151|36828084|37253358|37511222|37628659|37777263|37923102|38014586|38114870|38388235|38493004|38590877|38871151|7522211|9272738,0.00168,https://www.ncbi.nlm.nih.gov/clinvar/variation/35893/,2026-09-28
53465,VCV000053465.61,current,NM_000492.4(CFTR):c.2260G>A (p.Val754Met),single nucleotide variant,NC_000007.14:117592426:G:A,V754M,rs150157202,missense variant,NC_000007.14,117592427,G,A,Conflicting classifications of pathogenicity,"criteria provided, conflicting classifications",2026-03-01,0.58,False,21,21,0,3,13,0,3,False,True,"Tier 2: criteria-provided, multi-submitter",3,CFTR-related disorder|Cystic fibrosis|Hereditary pancreatitis,37,10077727|10376575|10798368|11001817|15151509|15520400|15987793|16786510|17003641|17413420|17572159|20021716|20920895|21416780|23276700|23670503|23974870|25674778|25797027|25824995|25910067|26888287|28603918|33572515|34583889|34996830|35418593|35527187|36409994|37313453|37628659|37823318|38242629|38269366|38388235|38611676|9921909,0.00195,https://www.ncbi.nlm.nih.gov/clinvar/variation/53465/,2026-09-28
53774,VCV000053774.77,current,NM_000492.4(CFTR):c.358G>A (p.Ala120Thr),single nucleotide variant,NC_000007.14:117530982:G:A,A120T,rs201958172,missense variant,NC_000007.14,117530983,G,A,Conflicting classifications of pathogenicity,"criteria provided, conflicting classifications",2026-01-26,0.67,False,21,21,4,14,0,0,3,False,True,"Tier 2: criteria-provided, multi-submitter",5,Bronchiectasis with or without elevated sweat chloride 1|CFTR-related disorder|Cystic fibrosis|Infertility disorder|Respiratory ciliopathies including non-CF bronchiectasis,34,10439967|11219165|11354633|11883825|12752573|15537723|15727251|17489851|18687795|19318035|21198395|21520337|22427236|23951356|28830496|31488014|31916691|31990467|32734384|33432171|33469725|33572515|34525262|34996830|35313924|35769956|36207272|36409970|37313453|38388235|7513293|7517264|9272157|9439669,5e-05,https://www.ncbi.nlm.nih.gov/clinvar/variation/53774/,2026-09-28
