accession_version,classification_group,submission_count
VCV000007229.102,Pathogenic or likely pathogenic,5
VCV000007229.102,Uncertain significance,14
VCV000007229.102,Benign or likely benign,3
VCV000007229.102,Other,0
VCV000053460.80,Pathogenic or likely pathogenic,26
VCV000053460.80,Uncertain significance,4
VCV000053460.80,Benign or likely benign,0
VCV000053460.80,Other,0
VCV000035835.90,Pathogenic or likely pathogenic,2
VCV000035835.90,Uncertain significance,16
VCV000035835.90,Benign or likely benign,7
VCV000035835.90,Other,0
VCV000219537.98,Pathogenic or likely pathogenic,5
VCV000219537.98,Uncertain significance,18
VCV000219537.98,Benign or likely benign,0
VCV000219537.98,Other,0
VCV000007165.98,Pathogenic or likely pathogenic,1
VCV000007165.98,Uncertain significance,12
VCV000007165.98,Benign or likely benign,10
VCV000007165.98,Other,0
VCV000035833.87,Pathogenic or likely pathogenic,24
VCV000035833.87,Uncertain significance,1
VCV000035833.87,Benign or likely benign,0
VCV000035833.87,Other,0
VCV000053229.96,Pathogenic or likely pathogenic,22
VCV000053229.96,Uncertain significance,4
VCV000053229.96,Benign or likely benign,0
VCV000053229.96,Other,0
VCV000053971.68,Pathogenic or likely pathogenic,18
VCV000053971.68,Uncertain significance,7
VCV000053971.68,Benign or likely benign,0
VCV000053971.68,Other,0
VCV000043576.97,Pathogenic or likely pathogenic,0
VCV000043576.97,Uncertain significance,5
VCV000043576.97,Benign or likely benign,15
VCV000043576.97,Other,0
VCV000053580.74,Pathogenic or likely pathogenic,21
VCV000053580.74,Uncertain significance,3
VCV000053580.74,Benign or likely benign,0
VCV000053580.74,Other,0
VCV000053684.71,Pathogenic or likely pathogenic,14
VCV000053684.71,Uncertain significance,8
VCV000053684.71,Benign or likely benign,0
VCV000053684.71,Other,0
VCV000053983.96,Pathogenic or likely pathogenic,3
VCV000053983.96,Uncertain significance,15
VCV000053983.96,Benign or likely benign,3
VCV000053983.96,Other,0
VCV000035839.91,Pathogenic or likely pathogenic,0
VCV000035839.91,Uncertain significance,2
VCV000035839.91,Benign or likely benign,16
VCV000035839.91,Other,0
VCV000007237.63,Pathogenic or likely pathogenic,4
VCV000007237.63,Uncertain significance,13
VCV000007237.63,Benign or likely benign,4
VCV000007237.63,Other,0
VCV000035872.87,Pathogenic or likely pathogenic,0
VCV000035872.87,Uncertain significance,4
VCV000035872.87,Benign or likely benign,14
VCV000035872.87,Other,0
VCV000053159.55,Pathogenic or likely pathogenic,17
VCV000053159.55,Uncertain significance,4
VCV000053159.55,Benign or likely benign,0
VCV000053159.55,Other,0
VCV000007126.151,Pathogenic or likely pathogenic,4
VCV000007126.151,Uncertain significance,6
VCV000007126.151,Benign or likely benign,10
VCV000007126.151,Other,0
VCV000007238.76,Pathogenic or likely pathogenic,0
VCV000007238.76,Uncertain significance,11
VCV000007238.76,Benign or likely benign,7
VCV000007238.76,Other,0
VCV000195464.99,Pathogenic or likely pathogenic,0
VCV000195464.99,Uncertain significance,1
VCV000195464.99,Benign or likely benign,16
VCV000195464.99,Other,0
VCV000093156.88,Pathogenic or likely pathogenic,0
VCV000093156.88,Uncertain significance,1
VCV000093156.88,Benign or likely benign,15
VCV000093156.88,Other,0
VCV000256253.93,Pathogenic or likely pathogenic,4
VCV000256253.93,Uncertain significance,11
VCV000256253.93,Benign or likely benign,5
VCV000256253.93,Other,0
VCV000035853.85,Pathogenic or likely pathogenic,0
VCV000035853.85,Uncertain significance,1
VCV000035853.85,Benign or likely benign,15
VCV000035853.85,Other,0
VCV000035893.57,Pathogenic or likely pathogenic,0
VCV000035893.57,Uncertain significance,9
VCV000035893.57,Benign or likely benign,10
VCV000035893.57,Other,0
VCV000053465.61,Pathogenic or likely pathogenic,0
VCV000053465.61,Uncertain significance,3
VCV000053465.61,Benign or likely benign,13
VCV000053465.61,Other,0
VCV000053774.77,Pathogenic or likely pathogenic,4
VCV000053774.77,Uncertain significance,14
VCV000053774.77,Benign or likely benign,0
VCV000053774.77,Other,0
